0.148557578,-112.6644296,67.57202348,-18.07015629,13.61635994,-2.240948347,8.523221152,0.60258122,4.567582514,-5.182844702,2.867487996,-10.82881629,1.114024501,-1.694526422,6.089130015,-2.957372234,0.347028099,-8.449478686,-2.073743186,-3.396075097,-0.118730848
0.140973308,-107.0609826,70.09812278,-0.76751937,29.50348067,9.563374378,13.9149032,-2.287382678,9.573474509,-6.091214824,9.27515204,-7.582769998,0.362955087,-3.717252502,1.904467493,-3.967296557,1.008701784,-3.106205739,1.460653915,-10.14309582,-1.433562643
0.091943987,-153.870801,91.762985,6.052251541,25.09552207,-1.298150709,10.33293027,-2.832614768,13.20347324,-6.317448399,0.771380106,-2.617886966,7.499123746,3.232279098,6.764137842,-0.315332221,-0.97805248,-5.312535309,-2.073507076,-2.928488584,0.821947781
0.136094757,-79.48993531,102.6141967,-44.13420806,29.19063095,2.986629429,0.672205766,-0.699099782,1.825612229,-6.342310164,1.825946645,-6.578068309,2.081966147,-5.456593733,3.410337361,-4.577470674,-0.958668702,-4.368430476,-0.49697494,-3.979473224,1.265104146
0.070446118,-109.7742275,101.7823521,6.558714071,32.06908292,16.71709908,14.92024712,4.063891825,6.993358493,2.616995685,4.109755278,0.470909418,4.986814553,-2.2806574,2.067761154,-0.355846226,5.40700171,0.218972533,2.688424686,-2.776004091,2.504351255
0.033931147,-183.2730299,133.5249921,29.58728088,42.04702595,10.5900111,19.83792415,1.095321763,5.123210637,0.610996655,1.912230756,-1.377564666,1.578144587,-3.45182053,-0.543127763,-1.409852338,-0.756465039,-2.940879856,2.367609956,-0.691994094,-0.660123449
0.067657925,-162.3455773,88.11043444,31.47167889,16.83819615,5.390737789,10.51694993,4.743127093,4.674241409,-1.423498563,7.1222432,-2.067969668,1.816198537,-2.23368508,1.268864978,-1.844774691,0.138318213,-3.927859195,3.925036815,1.683987607,6.572567638
0.072590238,-186.0104833,108.8903484,-0.505742886,23.14269419,15.1716899,7.324794509,-4.074530336,-0.922131167,-4.349955912,4.464242027,3.412651914,9.258764532,-1.565984752,-2.346403022,-4.115722922,-2.063205058,-6.531376716,-0.482537299,-1.451640104,-0.109216056
0.057424131,-181.5644478,99.34148359,47.70631892,27.39158073,18.21540651,21.79475885,-6.061472046,16.93659083,-9.245927327,13.95072736,-7.43485748,10.19798716,-7.667807551,1.899925057,-1.511055562,-5.409484629,-3.150656715,-4.545239432,0.978410832,-1.523655635
0.114921572,-156.5058279,82.44719729,-16.15464904,34.08112333,4.341385728,7.339176265,4.546905178,11.73297253,1.970166651,8.921915161,0.024959733,6.773999017,0.490328154,1.389216536,-3.127401882,-0.791692815,-4.514061556,1.721299815,-3.823293695,-3.372356521
0.094062053,-29.19099419,102.6474228,-18.46365679,16.56823382,-4.310169671,11.26040016,-2.530971212,0.293751745,-4.629747313,3.3390368,-4.132315362,-1.150548428,-1.42608779,0.276077539,-3.456473026,2.921696277,-4.539641817,4.769871639,2.395709257,6.791153385
0.066642071,-41.38429988,114.7134732,-2.403858812,25.3210119,6.686334434,8.076138538,-2.913782565,7.331806919,-5.269381441,2.688728131,-6.672460167,5.333206806,0.712070722,-2.355329151,-6.095968607,4.097948747,-8.505850564,-2.428269279,-5.837788427,3.752355601
0.172175428,-57.22018737,85.32405143,-58.38686239,39.39497276,6.470805656,-11.15149425,-30.30111879,-1.608225566,-8.267484362,3.41254869,-12.91735556,1.478735609,-10.88953146,-0.312071628,-8.234329182,0.825353878,-3.104478323,-2.538148251,-9.085654218,-0.21351357
0.182267437,-42.51405168,49.05324826,-13.56617304,27.46958602,0.19322758,-7.983924365,-26.32575259,-0.206467109,-1.416352383,1.551780795,-11.61157313,-1.832811518,-9.18656433,-1.599786947,-5.571879073,0.80052871,-2.647107845,1.068984624,-7.521016966,0.351483918
0.130828675,-64.55646951,82.7308858,-20.07447068,35.92501524,2.102741898,10.4889286,1.451338595,4.769713307,1.311218987,10.40049158,-4.142674458,6.170000993,-3.907982163,2.311531376,-2.80954006,3.539856006,-1.680927336,4.286519102,-2.989566347,3.752639594
0.086680738,-178.6009469,94.48260096,8.973999287,31.58963732,15.44975501,4.448454058,4.13087422,5.658346131,0.636802824,2.098098378,-7.691505833,6.171965868,-5.947930927,-1.413268251,-4.233673644,1.391715325,-3.291349146,0.569160883,-3.238794505,-1.792311469
0.073958453,-207.3847951,111.0605415,-11.18610312,25.32177264,5.643867226,-1.925948022,3.160776616,-5.678546214,1.436370592,0.812121497,-3.663351285,-2.081918465,-5.803520571,3.237906434,-2.108463546,5.202245268,0.314619042,1.208241862,-7.513287863,-0.932119161
0.119096462,-98.22240665,72.85197641,-18.45082225,34.61950687,-3.357754798,14.54310991,0.253478747,1.639947605,0.368749679,0.031733831,-7.004447908,-3.226876424,2.490188775,8.069346926,4.693637108,9.39082291,0.588928784,-6.046505309,-9.625750037,-4.609811517
0.13992283,-77.98087763,77.82072595,-2.844239657,36.80754217,-5.485648144,3.7738023,-4.965180277,1.389210352,-2.328953299,2.815804555,-0.87423658,1.367658756,-10.29363748,1.785279234,-3.988468462,2.822121099,-4.211933023,3.17661742,-1.033925813,0.777266195
0.125482727,-89.03340547,78.89534923,-5.044706352,32.58996372,-1.235636945,7.677144226,-6.428872023,0.520640511,-4.324373953,1.777196254,-1.434898964,7.446309487,-2.991417311,8.177609231,-0.412014678,3.094070421,-5.270760133,3.799577697,-4.382669445,-3.558345363
0.159708312,-148.3427585,67.44712533,-19.01423537,36.06682332,-1.624168091,14.20802424,-9.185258634,4.230998848,-5.986477913,1.031069265,-6.907462397,7.638050416,-6.08755001,0.236373934,-4.64733515,-0.009764195,-4.729919154,1.902995584,-5.994822232,-1.893900782
0.187037071,-94.60206514,59.74411631,-20.24030127,34.15462955,-3.454100821,13.22409006,-11.66029227,5.210675151,-8.138715745,2.89449395,-6.944277174,4.132681635,-8.018749487,5.474346161,-2.733244413,3.484549856,-8.470744478,-2.158647875,-9.91077226,-5.942039191
0.115977422,-34.20180835,102.5993214,-34.65772047,20.98165978,14.79685633,9.576163016,-5.338853109,17.13410476,0.034293382,6.789936088,3.178950088,8.774598568,3.934383804,8.23371409,6.812585575,10.18076458,-2.046350766,6.353998093,0.945932807,4.945423699
0.064721223,-354.8980513,103.8632903,41.57486595,25.13491232,-0.908005898,15.18626348,7.819164374,1.587765127,-11.08868267,-5.430630319,-7.347098641,-2.371812961,2.253661036,6.506525988,15.05295425,16.30916941,10.19736354,19.32967839,3.410282091,-5.885089064
0.061737759,-188.0867433,146.8968258,38.70535786,21.10573259,-7.48285164,0.333992783,-4.394109958,5.116117033,-1.085992595,0.395351982,-7.074506486,8.81443441,-5.203919263,3.447024812,-4.29608082,5.582754802,1.967153444,4.185050101,-3.881124798,-3.731813438
0.108651019,-46.76370018,113.2116958,-38.87604979,35.25353604,-0.193158613,6.238578821,2.694487355,7.94620889,0.615259328,3.576815382,-7.202930612,3.678686233,-5.298608675,-5.008330327,-4.064954106,2.495622242,-6.660768201,-0.451703272,-5.175586622,-2.349609326
0.099854599,-28.39846511,109.9554891,-18.53104553,37.1734108,0.567972633,8.364345316,0.936940157,5.513369368,-1.002578559,4.440856006,-4.177776008,0.628159633,-4.889471732,-0.500764087,-5.63013051,2.934167064,-5.387145738,0.82524383,-2.943724324,-0.999798817
0.107705682,-21.0031762,125.4849449,-51.31981825,36.38869668,1.410902889,-7.200792652,-4.530549199,-3.661922461,-9.242571603,-3.280837719,-2.117879624,4.19734715,-6.649023764,-2.637889307,-5.177015625,1.679184675,-8.887135735,-0.508573449,-5.437575915,-1.569961569
0.037586822,-297.252455,182.3271784,21.94744469,0.711640743,9.991198343,-2.932703569,-2.768950058,-1.428237133,-4.121000853,-7.364599828,-7.036633468,-0.944271557,-5.549825318,-12.44896269,-6.321543183,-1.171158347,1.00131624,5.213383971,3.295036504,-1.593751977
0.116695457,-30.37491001,120.2046712,-51.13649386,32.85171209,-7.729767209,-0.291107386,-0.175341877,-5.915200337,-5.657357769,-7.234294263,-6.488004898,-4.62857934,-9.388863647,-4.68188968,-7.091315984,0.291404009,-10.10175654,-0.372876843,-1.152638724,-0.11883084
0.084858312,-277.8034648,115.6176513,-6.754597322,13.53346247,0.067941065,8.498699809,-0.299082432,8.472622935,-0.207549503,3.323273755,-3.138966589,0.168304263,-4.01580369,0.145558011,-4.775416365,2.455536846,-4.345251539,0.764706655,-4.066643528,0.515447544
0.083933593,-244.5047042,114.9781732,-7.937711909,15.66616802,0.146594981,1.850945523,-0.546024097,2.519423949,-2.512108395,-2.309755,-5.534051009,-2.171191839,0.568522903,2.844237811,-0.706932512,3.36872242,-2.567128365,-0.600510137,-3.854053164,-1.271596206
0.049703979,-258.3834653,129.6545892,5.691940991,20.68828235,4.028021886,1.969375473,-4.730762254,1.400959572,-5.213469568,-1.884895761,-2.59177815,-0.392271039,-3.348610395,-1.001258421,-4.981340662,-0.175383891,-6.256674647,-3.514229823,-5.095140912,-2.139968474
0.039803714,-272.0906374,137.0027194,11.12258658,22.84601894,2.271643413,2.085491177,-5.886101432,0.960314922,-5.727568007,-2.719221316,-5.357519271,-3.053205841,-6.796861422,-2.44131259,-8.101915542,-3.99214722,-9.709865838,-3.803045854,-6.391754253,-0.86531253
0.05496322,-272.0489128,135.9174876,-6.939227118,8.669973922,2.396312104,13.81193675,4.627626739,5.201248983,-6.515371692,-2.392862372,-6.597385003,-5.477481045,-9.819355484,-2.824348991,-6.632797715,0.506693324,-6.535683137,1.765661105,-3.000363964,0.649092073
0.085538869,-235.9893941,124.8437821,-24.8775306,23.22132844,11.14830912,-0.955969144,-8.287682061,3.45282649,-5.176413708,-0.343742847,-2.485705767,-2.505069576,-7.443314412,-2.886157066,-4.972829642,3.840054889,-3.611697239,1.346038988,-1.406079155,1.589367316
0.076107586,-240.0668244,137.6577311,-27.65468681,23.28844004,5.7950037,-12.64296802,-6.539896081,3.568113745,-7.045237848,-0.811408272,-1.194453613,-6.071706556,-10.4970708,-3.025066431,-2.867949336,5.183582241,-0.652576728,2.498064956,-0.088753158,-0.556160218
0.061902905,-235.5624206,143.5600456,-19.78343287,20.50446739,9.357104155,-11.65989619,-10.90772813,-3.517862716,-10.26876249,-3.51989725,-0.421662346,-6.99395951,-6.814465534,0.051731892,-0.682923814,0.710489521,-0.990937077,4.748576646,5.060126471,1.295937361
0.055747269,-252.8567611,144.2010275,-11.19859689,10.53459228,-0.080804612,-10.1784295,-16.28873261,-4.439622622,-12.17348812,-9.136173143,-4.533335164,2.527767739,1.845066013,7.078582343,5.478292616,9.702838974,0.856752703,1.471068653,-1.407405563,-0.475933547
0.044688105,-282.610249,144.7276095,4.380487744,17.97370794,5.430685699,-1.328423154,-13.36114729,-6.982744843,-13.65734716,-12.24683374,-8.816516467,-5.702012683,-7.704173653,-1.850381552,1.054094363,8.531139241,-0.795834829,-0.738105626,-0.877246441,1.939682157
0.04214354,-297.5095045,137.8855301,15.52479107,15.42737876,8.39245542,-1.128655185,-5.122195247,-3.659101712,-8.387050992,-8.669277998,-6.276851036,-5.960371085,-4.804259965,-2.880072979,-0.966390283,2.830915308,0.393479441,-0.300236394,0.250061952,2.754771105
0.04245065,-313.4100693,144.3759404,6.024791913,17.73654701,10.05560637,3.633878794,-10.02243789,-3.07944075,-10.08275115,-11.1258073,-10.54419441,-6.18958082,-4.450605007,-0.559477911,-7.111312029,-3.055703539,-2.202084928,3.518136819,-0.511805139,0.405292888
0.10822933,-336.8200775,100.3940405,2.484562946,16.12901637,3.020841121,6.100494798,-0.76278585,2.886124107,-0.443720457,-2.181911097,-0.292518239,-5.108692376,-4.696963949,-0.148350001,-4.60094021,-0.199733827,-2.476314484,-1.268814933,-1.649863629,0.933124569
0.038999019,-192.1352188,167.2298807,42.61609311,47.61830643,-1.041378518,2.817497795,-4.803746985,0.870100048,-18.58187048,0.736085237,2.877989223,5.546802705,-5.091619631,3.823923583,6.187568054,-3.81123677,3.742363964,0.603753853,-0.418133912,2.768895852
0.114095717,-101.18067,111.8174261,-17.63197693,34.97723668,5.823502216,10.34094177,-6.674630648,8.496066086,2.175368983,-1.301315349,-0.987415221,1.413069286,-7.544356086,3.300550724,-3.869417366,-0.670385558,-2.384262992,-0.311842049,-3.145574284,3.953608365
0.121619842,-104.9718958,126.3334933,-31.62788869,25.50124919,4.649288823,12.39635876,-6.779624373,4.065297745,4.927172424,0.023128802,-3.62216813,5.460663768,-5.264230816,1.323394963,-1.558196688,-1.674489996,-5.631765127,-1.257990457,-8.987071037,-1.363273729
0.069038347,-79.24417997,142.9840203,-21.69484038,25.51270073,-8.21902785,9.694392774,6.585088865,6.98241114,3.135656401,3.505813808,-6.124168472,4.897547886,1.818518003,4.876054729,0.395268285,3.080258768,-4.494394967,2.246217354,1.473460488,4.674416913
0.058408422,-129.2814341,160.2954031,-30.14511336,22.62115462,3.97904866,10.63977244,-6.131107233,7.941508936,-2.546490807,4.379178754,1.873464304,3.078544735,-0.91268859,1.511063372,-0.448849536,-1.535452647,-4.496345394,-0.796139201,-5.280157513,-6.203794537
0.137723146,-125.3686625,74.7137174,-13.03934139,26.74718481,-15.82802528,14.78075457,5.786850923,10.4025918,1.793743196,5.008717515,0.212460792,5.232838623,3.303820712,12.03985389,5.121905279,3.440060985,-5.490057752,-2.33447028,-4.440946158,1.383940265
0.102845489,-82.89863555,116.8067531,-28.45724574,4.741045082,-12.44306792,-6.987265399,-15.89022235,-7.253165839,-11.77808308,-3.467362114,-7.829487739,-0.312759191,-8.686788026,-1.673856195,-5.945534343,0.134748294,-7.4244424,-1.557808584,-6.309718342,0.546648827
0.081169548,-62.32773138,138.7538892,-31.3210854,16.74358927,0.44707389,4.897856975,-8.242016109,3.140516388,-3.903730712,5.964200223,-5.846966147,-4.612075015,-5.82975101,1.855789307,-2.342177951,8.037599139,3.709981208,6.266870107,-4.627225592,2.013869479
0.070139503,5.379701351,122.7095589,-7.119351932,30.50195572,2.705689267,11.68187534,-4.535104159,6.476394243,1.344675169,6.529256259,-0.207394939,3.172440494,-10.28589484,-4.332399988,-8.439510846,-0.043521493,-3.422688512,4.424952505,-1.641713051,1.09092791
0.056569585,-64.34729688,166.3430136,-25.67425043,36.62347799,-27.73350705,-20.71977583,-12.66826085,1.484538929,-20.95807354,-9.716237303,-10.72585345,-5.659899487,-6.895313807,-11.70135109,-3.642267866,-5.169651439,-5.154947689,-0.547053954,-6.127676475,0.698383082
0.067326743,-50.91826884,157.8644841,-21.03523812,18.58836621,-4.773062369,5.840402448,-10.11087989,3.352657114,-5.352925735,-3.08519641,-3.96458718,4.112417262,-1.958947198,3.917387254,-0.693864506,-0.87596493,-9.591129111,-0.268105313,-4.719133379,-0.57131644
0.164892273,-74.50134997,94.48670827,-38.26886455,44.6095742,-27.18913098,23.32691181,-4.375485848,9.967316017,-7.469423869,1.028145472,-6.640990442,-3.73825238,-1.747807491,-5.732282719,-2.6086155,-2.034151891,-7.892777528,2.321264636,-8.980557855,1.785728806
0.100122493,-32.08317263,135.8302984,-58.91311808,44.42402836,-36.50692787,30.32262499,-4.589785849,11.91671917,11.80155821,7.556395598,12.77839366,12.13014706,3.751392459,9.16211387,-2.488260479,1.100608742,-0.484317595,-3.089758624,-0.895690748,-1.400021775
0.081372107,-129.3102278,190.9564086,-75.35960497,58.20512281,-10.36980515,-12.86723406,27.49729251,-18.15603325,8.253267842,8.028116259,-7.361835738,0.157704665,-8.074694698,-4.849187926,-7.85174291,-10.18025307,-2.833911897,-6.236015242,-9.897375794,-9.259892944
0.13855616,-39.69080444,90.82975489,-46.07406678,41.45881928,-34.2218104,32.94015866,-8.686154981,17.61977917,-11.75219954,6.809849317,-6.800056331,-3.33537735,-10.64220711,-0.259492521,-11.77317556,0.080437709,-10.03318622,-2.15661684,-8.624291006,-6.136528636
0.171693004,-81.4701698,71.74508631,-55.04260866,42.5292571,-30.19582477,11.76108209,-7.08057864,12.7270722,-6.478172206,4.510514314,-3.672196994,3.266232688,-5.918538078,-0.802235125,-6.777431764,2.015325608,-6.297149861,-1.606103916,-4.63109828,-2.007362178
0.06750501,-332.67152,107.5423904,-9.630689084,16.62376361,-7.10760798,-5.336428465,-13.35811665,-8.988406869,-9.092166967,-1.894845861,-5.260662219,-7.804539309,-7.019131113,-9.670281084,-11.47279332,-5.714645705,-8.877576087,-7.66066683,-8.277030326,-2.609744197
0.076173075,-215.4437008,178.7067539,-67.91706516,35.19400976,16.33654631,1.590511462,-2.810608711,-14.66064411,-11.95434083,-9.678509518,-9.554948769,-5.880410415,-10.89094375,-10.54463091,-6.999058537,-8.203209024,-4.126954074,-9.247054251,-8.025514298,-11.04193503
0.093480023,-157.646851,95.08103885,-21.24162086,24.6524916,-10.56394535,-3.754161122,-20.64001376,-5.485082899,-18.07293037,-4.93161457,-15.7936618,-5.108100953,-6.737799428,-4.891905819,-5.744001325,-6.005229273,-9.263382337,-2.549044736,-8.398813438,-8.743426143
0.100284061,-219.4238183,166.2803747,-33.68618475,1.071566668,2.870085651,9.707204019,5.675388803,-7.421373985,-0.53152531,-2.126626068,-6.370365181,-3.071406185,-6.85522766,0.118324728,-0.398855864,4.983661964,-1.730039075,0.238718373,-6.097597726,1.953912945
0.156688037,-421.948068,87.1180192,-16.56298373,-3.260936813,4.190435852,-7.256422306,-6.842152237,-6.294235302,-3.186405493,-3.045615922,-4.548739812,-1.673514702,-4.063414564,-3.877329095,-1.510760598,-3.502256787,-4.914218344,-2.947200962,-2.915254349,-3.308288615
0.085882736,-196.709482,111.859414,-22.0576007,32.1679922,-4.859015264,4.266604078,-12.92630983,-4.243518175,-13.45434644,-5.357252471,-12.26803553,-6.650309365,-7.777370946,-6.247678944,-9.854044935,-6.472359718,-9.058841491,-7.500667025,-9.98620761,-10.13830946
0.076291247,-188.4005487,115.5991387,-26.08189383,32.61493357,-8.434101105,3.49385296,-12.13514805,-2.079436304,-15.59683147,-5.562916741,-11.7115921,-3.896247765,-9.330491763,-8.861484123,-10.38400969,-4.903285685,-8.55990354,-6.228744426,-8.74424985,-7.815725748
0.113945652,-237.9716349,127.360045,-46.88137181,19.01850273,-8.83426136,-6.02075676,-9.499954168,-8.078326718,-1.472593971,-3.766560396,-3.519786721,-0.827751495,-8.595556864,-4.643580778,-4.782541785,2.057104582,-6.112857597,2.589161447,2.042997022,1.263842563
0.079020249,-257.1908773,174.2129557,-57.30372194,25.22978137,11.61592061,-10.2797973,-0.670310253,-17.81041105,-11.68760588,-11.31631925,-10.05575608,-7.920444227,-16.54428367,-10.96957292,-10.51216891,-9.57701555,-8.521775096,-7.899275772,-6.038953551,-4.770786123
0.054005264,-333.1357247,113.8228175,-1.926547242,17.51452188,1.199926507,-2.938871375,-7.654227967,-7.213048375,-9.525379898,-6.826394315,-7.333256498,-7.319681645,-5.340332699,-8.128657476,-12.82513096,-8.154995934,-7.790490346,-8.101741105,-8.012570935,-6.13699431
0.08422481,-134.7490122,107.7339215,-28.73243104,36.14928524,-12.23113178,-0.892203445,-17.46038009,-2.732958097,-13.55751259,-4.732016301,-18.10267488,-11.29373097,-7.421497812,-4.958260484,-9.991395413,-4.441685072,-9.384797994,-5.591103315,-7.743871672,-2.893555298
0.066268274,-273.9202837,140.9640061,-8.6493702,12.47219898,11.69993593,0.595219288,15.63984714,4.146163914,12.2542466,5.31748855,4.070507655,4.998973987,-1.685149826,5.223185795,1.259374075,2.580877575,-1.732319315,6.280092976,-0.76488501,1.658948481
0.093224033,-142.696308,93.57439579,-28.33522456,35.95938939,-8.902699852,1.754786453,-10.09069389,-3.077879002,-10.88985749,-7.053387912,-13.54892998,-7.530527608,-6.608413718,-9.912262065,-8.518512057,-4.92986304,-6.614829453,-7.227553685,-11.70955344,-8.777918923
0.120936459,-153.3978967,99.18963411,-35.06904723,27.06938591,-11.29978662,1.930768422,-6.256006385,-8.126967577,-5.410744261,-6.822156849,-7.301682097,-2.904197105,-10.94952789,-5.834595059,-14.63380857,-5.02052329,-6.454652141,2.234479098,-1.634955793,3.416732042
0.086040153,-228.2792362,154.1764611,-49.40204089,29.38149992,2.889883334,-11.75772931,-3.342376227,-14.42718145,-6.833122135,-8.924735085,-10.41440932,-9.087321985,-13.04336339,-6.827434883,-7.320754103,-6.277431043,-5.107927337,-4.603084338,-6.567894479,-5.653215019
0.070893538,-242.9068679,102.5069442,-2.652165306,9.864425234,-12.84585107,-14.69583654,-21.05290295,-12.91849134,-21.28956984,-10.68648335,-16.44993294,-12.84130677,-5.711488865,1.032694669,0.453656423,1.078185303,-2.091543958,-1.460048035,-1.807228411,-0.259948029
0.088699835,-138.5403905,116.1901342,-10.1039298,17.03806115,5.39532646,3.077367832,-15.44767841,-5.990322376,-16.3682985,-3.079294058,-13.77620792,-2.494239907,-11.41813372,-7.896296382,-2.575921346,-6.799032683,-2.131704515,-0.472549644,-2.636279356,-2.736620953
0.084510274,-232.5055741,131.9792596,-42.15571411,34.30331928,4.923481854,-10.59571882,-0.291525028,-9.487191538,-13.48186811,-7.726869513,-15.60363669,-6.508392861,-15.03406839,-10.62008225,-14.44663169,-11.74005148,-10.5839658,-6.23898134,-5.754629334,-6.911310557
0.090584337,-253.9446713,175.6656554,-56.66175236,25.44537658,18.49352246,-12.28465837,-0.14901058,-15.14245859,-13.43444077,-7.477947319,-9.774027982,-5.75866439,-9.181835186,-9.170356313,-8.513780455,-8.814211752,-4.953917127,-7.329028784,-9.16896627,-9.952917387
0.053892036,-358.6864624,116.1005323,4.564369625,17.66619049,1.158926928,-1.537015806,-3.414539178,-4.270183915,-7.806511422,-4.298331882,-3.252566973,-3.943276908,-4.890596824,-9.232030691,-10.43385597,-6.449151906,-8.591031087,-8.642394786,-6.080440007,-4.235896962
0.092230884,-126.711255,108.7137888,-33.07387776,36.33247992,-9.536666885,5.433426915,-13.71107463,-1.266039657,-14.38782715,-5.220046521,-15.07559565,-8.645527289,-7.359122927,-5.52468829,-8.016597453,-2.762099503,-7.167528855,-3.823652843,-10.12108087,-8.857485007
0.080623158,-210.5526041,136.5463133,-27.4615516,8.318772004,-11.71595662,-4.26987883,-23.4716364,-0.731132223,-17.33382314,-6.752116699,-6.585088851,-5.501962533,-2.960528819,-2.825959775,-6.312502851,-1.789974544,-3.686972729,-0.294961206,0.323771711,-0.172244808
0.084184345,-146.18906,104.4519423,-28.71117209,21.60544412,-4.689963619,-2.128271062,-14.34354581,-2.531060006,-14.56484513,-6.551494338,-13.19683888,-4.061175645,-10.1880564,-10.92895875,-9.658066216,-5.786626474,-3.610675359,-1.499459245,-9.462038292,-4.016855265
0.084603511,-154.0325697,106.266177,-21.70646176,13.33210049,-11.74071938,-5.79493395,-17.57631125,-8.301122188,-24.58807481,-13.32715784,-14.11529564,-9.03675616,-9.15387812,-10.77545574,-6.406277057,-4.819620472,-4.766804845,0.784442379,-2.517089815,-2.519356707
0.110534201,-142.3881302,95.53922354,11.72025225,13.45955583,6.16402455,3.776285973,-5.706705982,2.095782303,-13.97015858,-3.704035197,-6.294214874,0.029515748,-4.672962683,-2.244305324,-2.454399875,2.032744735,-1.443059325,5.334796929,1.156927304,2.508568082
0.062040571,-185.8095552,125.8709733,6.854043572,23.15364332,4.770410523,-1.25177727,-7.343471273,2.78642893,-4.49836748,-5.355843795,-10.07350807,-3.704602709,-5.707097619,-8.904507227,-12.81933423,-3.016278889,-2.655455323,1.114023698,-0.204110585,-0.704522996
0.072971056,-28.91650633,107.7905737,-3.886982298,26.41872857,1.400858568,8.665885701,6.155380128,15.2024804,6.578549985,6.635816901,-3.263545678,0.890384259,0.434141846,6.809880466,-0.343846203,2.410783937,0.7747626,3.446005382,-3.138259318,1.955076431
0.087124342,-13.35328824,104.4227491,-16.35889726,36.85655183,7.137899883,8.483514052,-4.274230779,9.744140631,5.858945276,5.528890646,-7.606452147,0.081483738,-2.344477237,3.582615753,-1.981307891,1.959319887,-1.580813342,2.466384526,-4.873267617,2.06118566
0.049553247,-142.8976125,108.3143926,14.74091036,28.43510912,5.031891164,10.29601926,-2.113078966,7.081669869,-2.041343648,4.097205623,-2.074848684,3.398891683,-2.92623049,1.318470381,-4.209707354,0.441971024,-6.920843581,-0.129111778,-5.115916374,0.580966186
0.115912647,-125.1076008,92.12646807,-40.85856977,32.63936914,2.618300761,9.539583052,-4.506986036,-4.756981635,-6.126778742,-7.94743154,-11.3505774,-2.33095319,-7.714189029,-0.084471094,-2.034251817,0.555092533,-4.156896162,0.434762195,-1.365449721,-3.026506623
0.10938938,-173.0412377,104.4781146,-51.73981627,39.77608933,3.097093329,11.31829521,-3.195965949,-2.240044729,-0.632074673,-8.004222422,-5.32160484,-2.088036797,-6.064593213,-2.290250661,-3.837464896,1.061458301,1.414312577,-0.499922099,-0.032415919,-0.779107917
0.121100171,-0.369124463,89.97258014,-12.6488484,10.75012365,-10.20782233,12.91938312,-0.822471617,6.931296246,0.164460636,1.210796152,-2.037887565,1.688039069,2.004054786,2.231678509,-4.655696382,-2.800833539,-6.121052633,-1.5077852,-6.598375596,-2.984188203
0.077262803,-136.1270979,131.461233,-25.66786592,24.38521582,-12.72410404,4.231700066,-9.482896913,-4.678015066,-7.473519748,3.188942883,-5.544634602,0.335228042,-6.756076095,-2.453464498,-6.604288012,-1.212314065,-5.111369458,-2.706893683,-4.093035647,-0.61050412
0.04629732,-134.6928667,153.6098717,-9.13838183,41.34180194,7.564478756,7.415711912,-8.854204374,-2.001658554,-6.721125416,-3.501778326,-5.320224759,-0.916952375,-3.41698623,0.428786729,-4.831008773,-3.057351721,-4.780766002,-3.428700356,-8.139900515,-4.853644765
0.044897854,-178.0370481,173.3151453,-19.11908542,32.30040688,2.362744327,9.86344813,-4.40696651,-1.037732512,-4.504972075,0.51920257,-4.808425303,-1.74309058,-4.900316709,-3.603196752,-4.766394102,-2.443168248,-4.053581512,-0.648268359,-4.023334,-0.175976194
0.061126141,-102.6332368,159.0573923,-25.38821981,39.96438547,-0.473509034,0.789148703,-1.921718426,-0.739092104,-7.648169145,2.900422993,4.76572223,6.562642575,-3.647681079,-4.850109293,-6.352822291,-5.633005137,-1.859247949,-2.884754948,-5.321618053,-0.159524639
0.080832463,-71.02571404,126.4435202,-30.30403188,35.16867116,-1.776012996,2.95211306,-4.993054657,4.987958447,-7.309355945,-0.994789107,-5.42626543,-0.076888625,-7.789557024,-1.44912663,-6.759761274,0.113939337,-6.797629987,-2.152417389,-7.691330207,0.641420742
0.061452759,-156.8369156,129.5597995,-17.89943301,34.25250578,1.131224128,6.897953689,-7.936985393,-2.550050665,-9.00931403,-2.763881535,-9.709975316,-10.17128021,-14.03076352,-4.116466079,-9.5692967,-4.866304732,-8.049766071,-3.706733543,-6.162716768,-0.394173405
0.128872047,-58.73566972,92.1864021,-42.16650584,14.30343549,5.342471948,0.722530365,-0.153678629,0.486442429,-9.586232553,-5.873919872,-9.93649069,4.191118231,-6.821071522,0.81626541,-10.62649196,-2.707372556,-11.94159817,-3.894749005,-3.539757454,2.552617241
0.087462269,-13.94035831,98.58271245,-11.26568397,32.61878269,6.466098389,15.454769,-1.250551219,11.46649004,-4.381028931,2.83690399,-2.478557172,3.968609481,-1.14915621,4.972561466,-3.0682228,0.05455443,-7.590062356,0.505323204,-3.008054581,-0.355144709
0.057789606,-180.7610488,159.9760423,-17.91071899,15.07165605,-9.821708783,10.15620152,-6.369235059,-0.027837657,-7.563710237,-0.622949313,-0.909334801,-3.217242916,-4.030663996,-2.510622615,-3.90701464,-1.811104201,-7.268143313,-2.642700505,-8.039486724,-4.230215776
0.112793305,-8.769050431,107.103287,-39.64172444,37.32296121,0.891158204,3.643582843,-1.27817905,6.733791041,3.036979372,3.667285341,-1.363726629,6.0180355,0.990707317,3.11767618,-2.124522638,1.009947043,-7.153499374,-0.385293527,-2.603201792,-0.736439437
0.119303694,-39.62337113,102.4395447,-42.38105648,32.0843691,0.231105515,5.574475714,-0.094199519,7.205742729,1.278649171,4.861567626,-2.187247361,5.624649939,-0.736058825,2.497280254,-2.687680127,-0.853432191,-8.009435625,-1.328293222,-4.010266205,-0.582759422
0.103469022,-69.21515057,104.351379,-33.95158605,35.47900686,2.112719775,5.988635959,-0.441637878,6.91029744,1.335566567,4.951034573,-1.505297761,5.775498248,-1.028993952,1.014196667,-1.539604714,-0.238031242,-6.306159841,-1.382419133,-2.053999487,-1.258709654
0.172570597,88.87705729,58.9798455,-24.37976231,31.82166277,9.917559801,14.15560409,15.39742397,7.091441139,-1.936065569,8.121256641,-2.434784692,6.13530948,1.513462236,2.949156417,-2.379737927,2.588165212,-10.38287215,3.350173691,-1.110260017,0.264524886
0.182020765,97.69862514,51.88489726,-33.11526484,32.3591918,7.434783513,10.17687045,-2.202594334,13.90495895,-0.438869529,2.567645898,-2.112657359,7.653124003,-5.813859587,-3.93978867,-7.002791154,-2.498338888,-7.267781572,2.583400517,-3.362081494,-2.314191752
0.231792499,84.03337333,23.82863796,-35.27631383,31.8428643,-0.157716329,15.99268801,17.7746679,7.232332586,0.123804967,15.34505529,-2.261484357,4.928623503,1.226991184,-0.926850609,-2.317970623,2.978737085,-7.111576869,-0.069389295,-4.713551524,-1.408408523
0.148545249,99.48277992,71.12984842,-41.14558037,24.31583944,9.953379067,15.79462906,11.1321264,13.68553557,-3.540265234,14.43090353,0.331639985,7.03330594,-2.305230578,4.964493573,-0.90820614,7.161086402,-8.151948978,-1.387168263,-3.011194939,0.137854516
0.080830293,51.00722408,100.8908229,-37.37330133,35.11214645,0.068693894,17.76377595,7.03974062,9.408288821,-1.247337286,8.6209657,-0.264835471,10.94127117,4.674598649,12.10068782,5.069051045,4.943965395,-8.016794849,-0.82482529,-5.352364773,0.158525301
0.165005723,55.37081026,53.90131349,-25.08132289,49.1941776,5.154179391,22.15647437,9.535499795,17.22564154,-0.379754299,11.53361873,-3.830765247,3.033339727,-2.846773497,1.431630741,-3.282771538,2.435985994,-4.990190306,1.70127883,-1.437890492,0.671100958
0.137558413,56.822256,71.0830975,-34.87998925,33.55118529,6.225194154,16.32720292,12.89290196,17.38176762,3.08502453,15.9652841,-1.028951847,5.431740194,4.567928983,6.889115866,-1.025066959,5.330319644,-8.244485879,1.047727365,-0.836069863,0.759228996
0.148793189,86.53440208,61.47675839,-11.55473571,33.87603107,14.23622429,17.27474229,17.46482065,7.090392351,1.69541035,11.83348664,-1.056640776,4.287176137,-0.663418092,2.36119511,-2.791789461,3.890477418,-8.668302742,2.52972025,-2.419044531,-0.042814267
0.186113611,75.37425847,44.37646835,-39.35611789,39.64101769,9.850017833,18.38775421,15.65038452,10.61907253,-0.691273307,10.1245774,0.917311121,6.276325323,-7.984141451,1.18258767,-3.525530072,-0.088928961,-8.559288299,3.373456973,-5.615056638,-2.401003515
0.181108837,104.6363206,48.41353923,-24.84175913,29.88489658,4.466703639,13.09190549,8.728993327,5.386103424,-3.514431003,8.223904974,-0.839142187,9.272872517,1.793429398,2.547554347,-3.935125658,-0.347000557,-10.59548262,2.132812207,-1.59725208,-0.870042633
0.125148653,78.15369422,69.01925878,-24.30644774,32.19084393,4.295879247,24.23375469,10.28576614,14.47968669,0.693374225,15.30242731,3.930384012,8.07010933,-1.294267806,4.859128046,-1.714207391,4.992381025,-4.985913359,1.167579606,-2.88704213,1.001868603
0.151626907,62.57087669,64.57206979,-43.54236359,55.07567994,7.037563436,24.80092511,15.91099243,11.99444819,0.728913062,14.05784561,1.69740437,9.502656419,-1.352850147,1.878422515,-0.848274269,0.347202796,-3.237831524,5.067659612,-9.882707885,0.784627559
0.121923061,19.50573376,82.71227865,-12.84585497,44.80088959,8.158746711,17.48106053,15.04334421,6.289702907,-0.401431499,11.66595027,-5.505778906,5.322610379,-2.841831838,-1.228760679,-2.463657295,0.426096402,-9.226540468,0.480919714,-2.982250699,-3.513226601
0.057928961,-199.5956463,123.2953804,5.529092101,16.84827082,13.13148167,4.419085278,-6.790181485,4.43629262,-5.617401022,4.864348626,-1.884319816,3.426992755,-2.085200486,2.283392931,-3.937452846,0.548423637,-5.66680018,-0.070370204,-4.262356575,0.119917826
0.021717826,-292.2995805,147.0304125,28.50221028,53.50591517,19.93934348,17.6383508,7.193331133,9.315637812,1.983044203,-3.864920076,1.137943325,0.864575529,-1.947407777,3.140524543,-0.703445658,-0.715787847,1.477803187,-1.059860832,-3.447553961,-2.969471629
0.014902739,-307.4614791,149.4104753,35.24310003,41.92437463,28.6031552,15.02581631,15.80710631,0.827830542,6.736901027,9.599979732,-0.764032015,3.173529377,4.016841317,-0.347276921,1.2527495,1.406407174,-0.228968361,0.465112427,0.510217507,-1.52207912
0.050628204,-179.3113654,136.3287092,10.5080231,27.56528356,-1.113561479,-0.626559111,1.720495438,1.828966094,-8.677342887,1.083664662,-6.257214403,-2.066833388,-7.618353465,-3.017562921,-5.706721344,-1.811097618,-7.814199928,-2.049650229,-4.833572995,-1.236479089
0.047983279,-201.5151229,136.152285,15.76840786,6.018036325,19.64682499,29.22862708,-5.468402544,6.000390333,4.003907159,4.546645544,1.727721543,6.307433212,-0.825119971,-0.269791492,-1.1124144,1.561102116,-1.157754105,4.552777839,-3.765390673,-0.293299645
0.029422991,-338.6848884,159.121005,39.78588513,32.60199568,20.25818685,9.84575274,7.629234255,9.702570151,7.520871945,7.139628297,1.987330982,-0.896400473,0.33735505,2.35238157,2.400119043,2.64070556,1.39013577,2.197299211,-1.066199027,-3.889439447
0.024388862,-283.2415132,159.1696004,8.798521485,17.8513394,17.86514729,18.4710387,25.57789637,13.23092948,10.26242132,7.046533192,6.031418966,8.403516124,5.893585846,4.718602207,0.735189674,-0.354336513,-1.723336113,-1.847186201,-2.121129892,-1.193195527
0.062505724,-186.8456912,123.5615995,-18.59387619,23.43648671,4.98979133,11.60954395,4.329259306,7.040016399,3.452755428,3.717941832,1.804161378,3.886665964,0.064244984,3.795109961,-3.909951178,0.067803318,-4.598565313,0.612349644,-4.57663842,1.542176802
0.070052755,-377.3965701,101.841077,25.77844177,15.92381504,6.977874136,13.83474276,12.33722404,16.62846264,1.835478234,8.16590255,-2.105902683,6.371519686,2.184512724,5.384469878,-5.653075676,0.772222031,-5.560279415,1.412843084,5.389146612,-0.420164418
0.059478012,-180.4325117,160.6817179,-6.370324014,14.12452241,-7.480698182,-1.654579374,-5.618962773,-1.392992543,-0.894406238,1.528435778,2.521580598,1.444342485,-3.157120001,-1.986493108,-3.582194065,-1.193391477,-2.164755539,-0.55749822,-0.846025455,-1.161035229
0.056485633,-249.8859684,128.9280393,13.58658301,20.36584259,19.03418781,5.773399475,-2.480394968,7.612725662,-4.574756614,2.422041147,-1.096056166,1.240341801,-1.310862184,-4.406985013,-3.294625798,-3.71616178,-2.612659073,3.874239899,3.453208874,-1.241253502
0.079492024,-175.2460388,116.5619197,35.76971245,-11.07456405,6.338545452,6.596651023,3.843212128,14.37660765,-4.882447202,14.57204513,-7.323565547,13.56306061,-4.384184218,14.0763782,-6.545385708,7.17712368,-3.509404187,3.621402315,-3.83875282,1.385712454
0.036991864,-259.770584,136.7572562,-7.244897551,27.08282826,13.9836459,7.443235079,16.9614834,0.055687309,11.29371335,12.24651292,0.797887656,10.00434011,-7.187147302,3.05596587,-0.743577714,5.550907886,-0.733112087,3.819593254,3.010808275,5.118006327
0.050222402,-313.9015324,140.6339814,-4.476046734,44.45765519,16.36698719,16.45313633,-6.197855733,12.98270127,8.21478129,9.391748041,0.485731152,4.158843378,-1.205494516,7.686545106,4.02272192,1.1094151,0.94608649,4.310860796,-1.361359436,-0.797897796
0.062432353,-141.5950712,150.9380976,-35.7951484,20.65375283,1.683138668,3.838442685,14.9134208,2.082617916,8.067333748,2.907832504,0.55987175,4.649474419,2.912501397,6.152971253,0.170018701,2.937043134,-7.118498605,-1.719399361,-4.204669252,0.126477002
0.10963462,-215.9706537,87.2128273,-31.28195116,21.79923305,7.691050666,22.78599435,3.575834349,14.42131762,1.431077912,2.110334835,-5.334717136,-1.687308253,-4.242148024,1.17028276,-7.849028218,-2.180020595,-7.368058966,-6.901021067,-10.69694884,-3.180568209
0.028129422,-306.8151855,178.6661237,36.01754453,18.46266105,17.86943295,13.46695717,2.030944127,11.84466644,0.280846031,3.356251502,2.465442306,0.651292884,-2.085166613,0.751994887,1.05061257,4.374527963,0.984598125,-0.906455127,-2.636550653,-0.027956555
0.039162738,-267.0944884,142.0257716,40.32963144,7.499191797,20.93157512,9.409124756,1.892305004,12.18658202,-1.009839207,5.503199391,0.144563148,3.626707317,-2.441179191,1.328677721,-4.669060164,-0.852291532,-5.960543929,-1.941582969,-6.161116966,-2.212278415
0.046899466,-165.9078842,146.708499,-21.6137256,40.65826723,7.28249918,8.41677177,4.463937364,5.258442628,3.565536503,-0.438337374,4.277125036,3.32207406,-0.501532271,0.473708718,-0.135609897,1.970843043,-1.846229862,-1.848045233,-4.166649306,-4.852896791
0.049664857,-270.7983471,162.4791444,-12.69879784,25.19112524,18.10727416,11.9701624,12.86486537,5.979466276,3.7561123,9.626583153,4.721709897,2.360429784,-4.55269755,4.805323138,2.733691085,2.173892573,-3.500449152,-0.609743217,-4.037160117,-0.644463649
0.060181202,-223.8201538,182.1937329,-18.92555904,2.009822122,-17.72652185,-6.280461953,-1.323111555,10.74477476,4.455835794,11.33993541,9.862066862,3.858256879,-4.918972363,-2.484560323,-6.531310677,-4.027294342,-3.16219096,-0.813829652,1.695647444,1.630363628
0.070764626,-196.7677804,134.4802496,-15.5089694,34.37176808,9.748491264,10.27658959,-0.061462514,2.187531381,-6.564429803,2.237984208,1.330463359,-0.329802296,-1.907233277,-0.674711049,-4.624085928,0.47053297,-2.691014816,2.267411532,-2.319964068,-4.372311803
0.051429702,-303.0665767,143.9864815,-9.730358398,24.42217219,1.005497429,10.24571924,0.574484419,7.978594746,0.713606509,4.778332832,0.627274984,4.633835307,1.843540283,2.396963339,0.540671367,0.44227193,-2.145194641,0.524454411,-2.423093853,-0.903176732
0.078806658,-150.0071298,115.1669804,-32.60182018,7.205052434,-0.024309874,1.696439169,-5.359853442,6.32050241,-4.814019063,3.306354844,-0.265308411,3.495136573,-1.264930478,1.782579907,-4.024131756,1.876731583,-2.607793997,1.513370006,-2.202757262,1.742142407
0.036801318,-245.3097099,158.5540829,4.863041848,36.70891226,16.2451891,18.66207701,5.667712551,6.327084313,4.759796771,5.770158762,-1.194795343,2.758805608,1.144647554,-1.240021915,-0.544274962,2.284357007,-2.979789603,-2.170406591,-2.983536262,-3.225706074
0.041634498,-251.667048,117.4188357,22.44417283,43.51226796,17.10155658,16.46488394,6.268598734,1.410046801,3.924422952,5.136633561,-7.480516871,7.387178472,-9.069231346,0.077533984,-5.44021207,1.276225035,-4.746831217,-1.808870573,-5.374434683,1.739116769
0.056354172,-193.6799242,174.121294,-12.13049056,28.03720836,8.029498692,1.764653632,-3.921535162,8.206347622,5.570496803,-4.964051649,-5.456481474,-5.152807202,4.34635356,-8.549907081,-7.497108881,3.408937156,-3.825087031,-5.006186921,-5.926618835,-1.820028189
0.030372563,-236.0348107,172.4272763,32.07017642,12.11015335,1.348205486,5.034853964,9.860070974,14.7662572,14.4936295,12.62329301,6.526002434,1.493258635,-1.418779268,-1.31442716,0.3657795,1.979500464,1.378311817,0.096660448,-1.150774828,-1.188970693
0.074418552,-241.5058614,137.0507449,4.645469908,12.41760715,-10.00523735,-0.648359044,-7.432269168,-2.454660273,-8.828942303,1.907877421,-5.636689066,-4.326377456,4.516944747,-4.637521688,-6.50729739,3.449781283,-9.981807977,-1.495899861,1.382907226,-3.061431734
0.084335562,-315.8529039,101.2419411,-6.055965437,23.21918881,-1.867312023,4.860910829,-7.598368619,3.701381124,-4.478855463,4.223502479,-0.86599802,2.898726487,1.27058645,-0.45828191,-0.826176531,1.953423215,-4.799931318,1.343424621,2.636142409,-1.402614358
0.093361829,-191.8405358,152.2903268,-53.35712564,40.64610451,0.352338872,8.251578284,-4.583726926,13.76770267,-4.654500612,-3.168386469,-2.105813311,1.726282225,-7.262797497,-3.323655497,-6.684157369,-1.179963219,-5.299463575,-0.193842967,-5.484153364,-3.074628604
0.038169801,-286.3667036,117.0210276,18.45577202,34.00871123,20.01499129,18.02462421,5.14371859,7.237599183,-3.106344067,-0.138928671,3.732267548,14.11164116,1.979270927,-3.13555507,-8.526869407,-2.224283943,-5.880635777,6.468987066,-4.573084866,-9.490519285
0.031463495,-235.6335326,164.6544918,38.24401268,26.73225012,28.43495345,11.1936691,-6.399660514,9.696164,-2.269139519,0.772434487,0.594625727,3.544318499,-4.824625929,2.299426086,-1.431346355,1.320637683,-3.294560049,-0.442318959,-2.984874636,-1.031130618
0.082734494,-170.8259151,118.7036517,9.118858765,25.57028352,9.096085311,-4.045983918,0.755234917,5.349168263,2.796233238,5.204184752,2.215775018,4.50975023,-1.422338216,1.274451152,-4.88045734,-0.199400598,-4.907266105,-0.99731585,-4.746059613,0.964032631
0.056667263,-319.8340502,142.1494027,5.165922171,24.44873574,3.649427103,5.291114026,-5.879604818,4.531691523,0.115215974,-1.996766373,-5.723681564,0.393437868,2.083007341,5.000883526,4.498092158,7.227249295,1.743041822,3.758760273,-0.351205613,-0.710130766
0.071191222,-281.2720927,108.1563833,-19.10019206,38.34482141,4.959986257,8.922513533,-14.48057403,7.706251522,-8.244209072,-0.453564163,-0.562165968,0.394968868,-7.81275335,2.294027351,-1.75046022,-4.344222201,-5.163439425,-2.23169989,-5.126126525,-3.548761852
0.036381648,-358.433713,159.0676151,11.45254812,21.37853385,19.8061446,3.309540656,8.271921738,12.95518995,-2.044109829,-3.801173938,0.802493325,3.854360299,-3.484058524,-1.046731265,-0.411707351,1.42284768,-2.847391409,0.13540323,-3.45349065,-4.343514294
0.043005569,-280.7307075,150.117407,-2.513689645,18.53801777,-6.29638957,7.723252372,1.552738705,7.882346202,-3.577910022,-3.54913095,-3.8929359,0.482107047,1.209869342,8.169072086,0.836498885,-0.00952393,-3.038740905,-3.698324838,-3.193260704,-1.993555359
0.054689139,-166.0014725,82.48404619,24.02761711,30.72540913,14.65332321,18.15674969,-0.147914545,14.19500603,2.297795065,9.39074033,1.380391862,3.675706547,-2.213080424,4.098049178,-2.990705607,1.998185422,-2.828875837,2.065833898,-4.677230537,1.372311757
0.079086336,-322.4801489,105.2909348,28.57041399,20.14755867,16.61226283,31.18546077,-8.814919775,4.179458413,-5.575447875,6.499444001,-5.453027055,4.363263908,-3.995707487,1.630147795,0.157201724,-3.15276845,-9.25994169,4.669373211,-2.53825793,-7.933081007
0.061051781,-231.6460552,143.0186071,-6.943103865,26.03453268,7.873983499,10.0380758,-7.829826243,8.846763878,-6.3163596,2.308348693,1.07009645,1.97375082,0.702134095,4.814834829,-4.8583845,1.036454422,-3.581051967,1.43590093,-0.418442095,1.350603196
0.027137432,-220.6845267,186.1056899,-0.895762666,20.95814757,13.0526008,10.27128675,12.69167752,8.668955545,3.184565784,0.927358317,3.260986405,2.267580696,1.45784634,2.078534403,2.941090469,0.129184429,-2.901218267,-2.056969014,-1.025875162,-2.229087011
0.029722471,-343.4305687,136.5625528,42.56687232,31.92804576,24.65509262,19.8615359,10.33401496,5.220911048,7.449816704,10.69129514,10.14119483,9.232373285,2.540975537,4.197065144,6.314461841,3.802602393,1.672457613,-1.056966202,-1.337187624,1.471699414
0.039865215,-178.2782264,140.8579234,-19.80852222,34.03759979,13.89406079,19.27334786,6.349206504,12.40519196,6.624521912,7.009571942,3.514912902,3.857989799,2.956867963,5.162215737,5.823758998,3.491097569,0.189441252,2.032869427,3.876185902,2.98045372
0.11241028,-239.6867582,68.0845707,-16.36960533,50.65407094,14.22938125,19.44637526,12.53954779,16.63780165,5.015737666,12.12127341,3.677397149,6.675459112,2.264531383,4.369969848,-0.229424888,4.864382744,-0.178155587,3.283879397,0.208087776,2.713044
0.084117418,-315.9397814,125.8895015,-25.13174344,39.96334874,11.71819913,18.42743313,-8.981122981,1.869464245,6.576995005,10.62567243,3.627211861,0.595643289,-1.59289421,4.445596088,-2.635959626,-0.609475088,-2.364121271,1.93323399,-6.261911475,-3.775917781
0.052078894,-150.1573799,166.7603345,-18.6335003,27.26667399,4.050480491,-0.231183387,2.904631326,5.901566679,0.192967548,-7.24730239,6.983921191,3.720810254,-2.987495658,2.291873789,-2.145225117,0.645541902,-0.878106131,0.003353725,-1.96736203,-1.217545264
0.023466667,-305.529984,161.7024471,29.34222598,21.83216313,25.49776814,16.14254853,11.14165768,16.13112461,0.517440349,4.275101974,0.760721513,5.526585502,2.348055099,-0.155094982,-0.059874562,-0.462580107,-4.426463328,-1.964573061,-2.104058558,-4.408598983
0.060564453,-203.5120806,121.7154807,-28.08515804,31.86832238,-2.47709691,14.82219817,2.104650487,11.85480418,0.445785899,3.629417196,-1.028319752,3.462343691,-0.337117612,3.450703152,-0.701283088,1.395768674,-3.821247129,-1.097884612,-0.68283152,0.851735509
0.065162565,-267.3173101,131.3427616,-5.167880669,20.09018989,-3.000463078,8.412902073,0.188206648,12.46213266,5.977316362,6.841478773,2.496995132,0.130770971,-5.165425337,-2.103899987,-3.327636915,5.819533742,4.175755615,4.706884115,-0.187104209,-3.972092737
0.055029824,-324.0537655,117.3134709,-10.89968394,24.47058866,13.40619911,19.79597059,5.432880409,4.523672645,-3.525196009,3.624880383,1.603470489,5.926685451,-1.787690959,-0.263600458,-3.82621662,0.796116416,-3.734017469,-1.309369288,-6.84342064,-3.911929142
0.073466446,-334.4873088,175.6972917,-35.56452682,21.19385574,1.019764389,2.37213426,-5.671350187,-2.776918757,-7.973566057,-4.182079807,-4.18961772,-1.554824219,-5.339819513,-7.87207285,-7.417490422,0.803948054,-3.611375508,-5.233617729,-3.08739768,-1.793308877
0.048531455,-211.0255878,124.6210418,-15.84263846,26.54052761,14.0156195,20.93106382,14.8538201,18.09712156,11.78159526,9.916813209,2.645053028,4.02728917,3.477545567,7.991356692,4.472253255,4.473795026,3.622239404,1.85451243,2.878627496,0.946160765
0.117038875,-177.5992114,104.6968832,-42.91155315,22.74429885,-0.858341553,7.96981605,0.316845488,16.33970265,1.837061158,7.971267638,-4.018835163,-2.865773317,-6.693963222,-5.83567705,-3.246675628,3.605641953,-8.556817187,-4.124849991,-8.163092888,-6.409885486
0.057560012,-186.2405419,137.943368,-12.03936497,28.27711498,-7.679447487,14.68842794,1.605108032,12.66827116,-0.458476024,4.562652186,-1.612367948,5.525572481,-2.018706032,3.445199151,-2.356525517,1.124035043,-2.780215624,2.131988808,-3.524349154,1.48052942
0.038464616,-274.5433876,162.2691622,0.306542701,18.26317382,21.6861047,1.625398372,5.48339144,5.191083068,0.560751155,3.446774134,2.332862004,0.164452568,3.320749877,1.68190844,-2.939387429,-1.79514361,-2.027987917,-2.551435739,0.603848388,4.232585125
0.067886585,-130.4984168,117.9237424,29.61903331,17.05575342,-1.295236134,5.524424109,-10.31590037,-0.755157772,-9.399434877,-1.209015158,-4.173063483,-1.179190692,-4.907692048,0.540335255,-3.724984175,-1.227986704,-7.976243543,-0.662282997,-3.923662016,2.386895718
0.05073036,-257.1077051,144.1474391,-12.4777302,32.18923511,-2.05448934,2.953705732,-4.873115479,1.314591867,-5.673221169,-4.019275238,-4.882987537,-4.061949129,-5.794731433,-1.784251755,-3.904688138,-1.371662198,-2.791224948,-0.127789395,-2.552949886,-2.514598269
0.121353008,-198.5760661,55.50326053,5.084986242,31.53416695,1.87420304,13.75593773,-5.801815666,6.18877091,-1.736775755,6.875553019,-1.858745756,2.504216074,-5.389954354,1.080188784,-3.15011571,2.180330236,-6.51764276,0.246432757,-3.60195329,-1.21037635
0.051914235,-334.0999104,118.1210893,18.72310371,30.12659162,8.159018008,14.33342413,-4.276979736,4.798135818,3.913744256,5.766246129,1.745372493,3.323123987,-1.531300798,3.252508899,-0.253961242,-0.642818246,-3.141036182,-2.958022507,-3.277895668,-1.335726745
0.046514865,-241.2931252,158.9087691,6.358456215,25.5382675,-1.4659058,5.96447019,-7.286322677,7.004526547,-1.04695221,0.637699427,-3.23904788,1.006354925,-1.225968528,2.699467799,2.423593407,4.072037989,2.276619966,4.302428261,3.107387471,5.057835096
0.102850053,-142.539512,147.1367824,-30.30448036,-2.23811368,-7.00991346,1.502310226,1.708224563,-0.832686126,-3.624720395,-1.812601312,-6.336757973,2.987063565,-4.034347662,-6.523394719,-7.683541359,-6.239055439,-8.063788322,-4.826090855,-10.87510723,0.274968888
0.032519563,-280.4854901,131.4522363,15.34260223,36.23671377,13.03613173,22.32432221,1.628260481,10.15673587,-0.279765724,1.509926372,-0.366872233,1.67210736,0.360968743,3.061021594,-2.915560087,0.258129044,-1.511974791,1.192691889,-2.276087608,-2.359670743
0.096548062,-214.0926695,121.6501785,-54.69459822,33.8538889,2.21588122,17.0324413,9.190428407,8.177266285,2.567314377,8.265027838,5.605996864,7.276331243,0.015649189,0.610909828,-1.937245673,2.510502515,-0.723862166,3.547744914,-2.593043423,1.052308848
0.041708027,-264.5244036,114.4280326,45.53184592,22.54618932,23.06935214,20.89889879,-1.288631424,15.63185168,1.123806277,5.350493785,2.928862953,9.924119811,-0.219160315,5.915268726,-2.097526083,1.77124661,-3.519383053,2.05186392,-4.889591016,0.849286797
0.053913925,-219.2917335,138.2166998,10.66361137,34.66770572,21.98289859,17.68428086,7.700646953,12.62988212,7.95001323,4.464217363,4.418122312,1.747206564,2.532537264,3.358152092,-2.224628082,-0.254692047,-2.353667941,-2.255728393,-2.580930769,-2.702005171
0.034386596,-237.8050089,149.3472449,-1.948468623,38.21093469,4.410284708,18.83657381,6.82562123,7.119609832,12.03945412,9.507198095,3.151762086,-0.089782184,-4.782330958,2.677735808,0.560252863,4.179760246,-2.291611563,1.384152538,-2.24730623,-3.130066545
0.047431863,-283.810624,123.769637,31.08309543,22.05725146,26.78121206,8.505776867,1.838336574,11.85811336,-6.503318615,3.841222391,-0.21438085,7.902213171,-3.931238338,3.111453079,-5.054164196,-0.088149715,-5.29225975,0.888142534,-6.598901258,-1.036588804
0.077971134,-98.19549466,105.6296509,7.994016987,30.99279408,1.543747016,6.833140952,-2.884780974,2.741800834,-7.662195257,-0.077840746,-6.684699505,0.668110944,-6.254765442,0.279074818,-7.419629219,-3.042731428,-7.79715401,-1.216231667,-5.649641457,-2.825849386
0.092641096,-104.9625715,91.60667704,-3.379281571,24.06160747,-0.564819419,5.550841731,-0.908521959,4.419097019,-5.300677401,0.291469814,-7.252617037,1.224499605,-5.972028407,-1.426724689,-8.515661502,-4.292479154,-9.97756632,-5.038543471,-6.730795799,0.84138479
0.080117795,-112.9552078,110.9256404,-3.397503548,24.35880391,6.091961806,7.180266236,-6.409407833,6.621580798,-3.202705815,-0.414866216,-1.952836785,-0.0663141,-4.667221813,-0.35254945,-3.492318863,-1.681143324,-6.390370355,-1.017705371,-3.883649799,-0.512687515
0.090792867,-156.7546003,99.15152916,7.559263468,24.49282689,3.538778799,10.19169389,-2.187675886,2.029974998,-1.296825116,-1.82035429,-3.760124789,-0.605927987,-2.996884007,-0.088071162,-2.596533767,1.972641999,-1.949642027,0.793073035,-2.479652898,-0.757348064
0.121448281,153.8531798,71.44061294,-29.50207488,22.73706862,-1.18435029,10.18570439,-4.045054853,9.218319309,1.286895757,7.17181405,-0.806130602,6.071402932,-3.685798482,1.287363901,-2.995964481,3.46808401,-3.629724526,1.42464751,-4.744002754,0.281591223
0.137734466,171.655857,54.94897275,-25.54192269,16.01725178,0.282538289,7.455411639,-2.510324616,9.633190614,2.014063022,6.176867187,-1.920007598,4.977936991,-3.098385441,1.802410213,-3.038623526,3.272480073,-3.122276722,2.219611749,-3.939910988,0.690661714
0.119436048,148.4211086,72.90307444,-31.7125678,22.04253802,-1.55568932,11.10184893,-4.881558156,8.681792692,1.376601048,7.881573294,-0.192850041,6.907133724,-3.697038049,0.619203565,-3.405187924,3.814888905,-3.880270904,0.830403916,-4.654335263,1.159426986
0.093409509,-162.3948458,141.7043083,-15.58729673,25.04652363,-6.327456536,12.3200523,-4.833636493,3.651432038,-2.977298954,3.253696224,-3.981239768,2.259868167,-1.071793999,-1.284482896,-0.131418504,0.309667418,-1.150831214,3.088899244,-4.364753065,-2.151052205
0.037808855,-255.0751399,166.8781138,0.391596013,25.62846134,5.36225414,11.42675229,6.699185834,1.153908745,5.367571681,3.872086998,4.409804456,2.540533944,4.348451384,-0.374728728,0.117548278,2.695007816,-1.220201538,1.899809407,0.506646028,2.26560327
0.1397017,-92.3538468,85.63500169,-40.699373,17.43782257,-0.87220264,3.021603694,3.647297245,14.77848739,-1.580756978,3.035382364,-2.393932621,-0.58539771,-5.237597136,-0.813570982,-2.934145565,4.318664541,-2.766045621,-0.627411284,-1.588091234,0.048240871
0.097789503,-60.55532109,86.2866614,6.476877453,32.14739595,-6.701596656,12.92572489,-2.875545938,7.792070948,-5.332993315,6.064732638,-3.582590117,6.750694282,-3.259944601,2.703993643,-3.444573517,1.052890152,-4.574537801,1.032698271,-3.346421455,1.366926642
0.08875635,-251.3681901,153.4309635,1.439616008,4.52170734,0.704670794,-11.17956479,-8.328104628,-6.719019647,-2.47224282,-2.212358634,-6.163225357,-3.169936307,-1.542873793,-2.413057245,2.28956825,2.724692927,-0.030610606,1.580746283,-1.44279162,-4.366010612
0.076740847,-159.8086725,144.4600277,1.167635803,23.95535922,-4.143923602,4.081102415,-4.601145547,0.442513526,-1.360413965,-0.516945767,-2.796984262,0.964588999,-3.842308079,-1.627761781,-1.73914998,1.431701716,-2.410560805,-0.199462917,-2.293156318,1.280511263
0.093350731,-172.2091438,153.3090072,-59.61770943,-5.598303641,0.52978682,2.597481057,-11.93982272,-1.105576316,-2.959105986,-3.161484703,-6.363046814,-2.529719699,-5.122316112,-0.751701316,-6.35601214,-4.557653329,-4.640815833,-1.096531461,-0.853010991,1.961851596
0.084776688,-121.2134648,121.9879892,1.895425871,19.54448227,-0.851795743,7.425005124,-7.130694617,-0.326161158,-5.120327972,0.966374221,-1.149585705,3.794724686,-4.06907718,2.176295554,-1.957415941,4.634784392,0.647705625,3.366295905,-2.897083742,1.69547936
0.078165871,-166.1029472,136.1473996,-15.10727063,20.41860522,0.807421976,8.820863076,-0.451856039,4.357195078,-1.792636593,1.194797188,-4.070992331,-1.529529826,-2.344913591,5.9595912,2.370845909,4.625887839,-2.677507369,1.488724946,-7.616262508,-2.974648294
