000002,0.1485575780169433,-112.66442960265789,67.5720234764895,-18.07015628633081,13.61635994099131,-2.2409483469630875,8.523221152092782,0.6025812202199884,4.567582513737728,-5.1828447015722015,2.867487996341639,-10.828816289956633,1.114024501229911,-1.694526421569302,6.08913001482292,-2.9573722342554536,0.3470280986910746,-8.449478686031625,-2.0737431856221726,-3.3960750968841973,-0.11873084758871678
000003,0.1409733082471138,-107.060982563593,70.0981227809693,-0.7675193704077381,29.503480666053953,9.56337437796285,13.914903198917193,-2.287382677764754,9.573474509148157,-6.0912148238222095,9.275152039550742,-7.58276999758782,0.36295508741021126,-3.7172525023059206,1.9044674931990775,-3.9672965568074665,1.0087017840637962,-3.1062057394240012,1.4606539154590454,-10.143095822976356,-1.433562642658346
000005,0.09194398749576844,-153.8708009995375,91.76298500449549,6.0522515410092526,25.095522074019044,-1.2981507093135594,10.332930265801595,-2.83261476809191,13.2034732361522,-6.317448399430052,0.771380106418757,-2.6178869659703894,7.499123745999408,3.2322790979838074,6.76413784240561,-0.3153322211715731,-0.9780524804559896,-5.312535308660863,-2.073507075911762,-2.9284885837785444,0.8219477812803064
000010,0.13609475693944412,-79.48993531099795,102.61419666138943,-44.13420806292249,29.19063095366218,2.9866294286751507,0.6722057658322167,-0.6990997824663978,1.8256122287839158,-6.342310163668076,1.825946645063176,-6.578068309130453,2.0819661466802315,-5.456593733000616,3.410337361025358,-4.5774706736428445,-0.9586687022798567,-4.3684304763199355,-0.49697493969843726,-3.9794732241732067,1.2651041462664587
000020,0.07044611799649358,-109.77422750690383,101.78235209138644,6.55871407135032,32.06908292037853,16.717099083388835,14.920247118352457,4.063891825496251,6.993358492816784,2.6169956854667586,4.109755277543647,0.47090941783415224,4.9868145529212615,-2.280657400185608,2.067761153541053,-0.35584622628742757,5.407001709901401,0.21897253340927017,2.688424685527615,-2.776004091464767,2.504351254828048
000026,0.033931146539051514,-183.27302994887094,133.52499212864478,29.587280883370088,42.04702595023468,10.590011095527977,19.837924147884987,1.0953217630820302,5.123210637276361,0.6109966553120575,1.9122307559195768,-1.3775646656017,1.5781445873912179,-3.451820530254138,-0.5431277634505045,-1.4098523378896801,-0.7564650390918273,-2.940879855750872,2.3676099555825,-0.6919940940079214,-0.6601234487994728
000030,0.06765792522024601,-162.34557725811914,88.1104344445257,31.471678889902886,16.838196153325725,5.390737788859719,10.516949928131796,4.7431270930326095,4.674241408896382,-1.4234985627468975,7.122243200235105,-2.067969667895239,1.816198537023116,-2.2336850802909956,1.2688649775423229,-1.844774690643421,0.13831821343947479,-3.927859195016362,3.925036814942271,1.6839876072451034,6.572567637730531
000046,0.07259023838230375,-186.01048328471444,108.89034842738134,-0.5057428860179367,23.142694188077275,15.171689904658349,7.324794509159447,-4.0745303361970455,-0.9221311674330449,-4.3499559117222315,4.464242026867196,3.412651913782086,9.258764532400413,-1.5659847523672432,-2.346403021845974,-4.115722921949151,-2.0632050584340527,-6.531376715688151,-0.4825372990507415,-1.4516401035419857,-0.1092160560176763
000048,0.057424130647078804,-181.56444779538742,99.3414835884188,47.70631891608973,27.39158072570068,18.21540651026713,21.7947588479604,-6.061472046365392,16.936590833433744,-9.245927327473543,13.950727363244289,-7.434857479928633,10.197987162249238,-7.6678075514542625,1.8999250573636999,-1.5110555620874455,-5.409484629165212,-3.150656715375528,-4.545239431772983,0.9784108320549301,-1.5236556352692205
000134,0.11492157239390367,-156.50582794585335,82.44719729306549,-16.154649042193036,34.08112332885764,4.3413857279099,7.339176264861632,4.546905178323339,11.73297253254956,1.9701666509196765,8.921915161179413,0.02495973297292398,6.773999017189351,0.49032815429788595,1.3892165364105429,-3.1274018817211866,-0.7916928154181656,-4.514061555527666,1.7212998147112673,-3.8232936945326803,-3.3723565205040984
000135,0.09406205343516746,-29.190994193011935,102.64742281181341,-18.463656794380448,16.568233816669643,-4.3101696705173795,11.260400163471198,-2.5309712115850767,0.2937517451926286,-4.629747312507189,3.3390367998243695,-4.132315362194096,-1.1505484284379357,-1.4260877896092872,0.2760775392114998,-3.4564730264715258,2.9216962767442025,-4.539641817019784,4.769871639493816,2.395709256967519,6.791153385173886
000136,0.06664207106627207,-41.38429987747789,114.71347321022198,-2.403858812453747,25.321011902580473,6.686334434367955,8.076138538066743,-2.913782565015317,7.3318069192939435,-5.269381441393367,2.688728130791857,-6.672460167492897,5.3332068063728135,0.7120707224486332,-2.3553291505248084,-6.095968606580126,4.097948746866953,-8.505850563619072,-2.4282692792518286,-5.837788426500283,3.7523556008451537
000137,0.1721754276952588,-57.22018736866529,85.32405143457486,-58.38686238513908,39.394972756597404,6.470805655656336,-11.151494245249257,-30.301118793013845,-1.6082255656203623,-8.267484361880141,3.4125486898539106,-12.917355560114238,1.478735609158635,-10.889531457150039,-0.31207162816220824,-8.234329181780293,0.8253538779595376,-3.104478323269943,-2.5381482507378594,-9.085654217978078,-0.2135135696818023
000138,0.18226743667222842,-42.51405167575035,49.05324826209466,-13.566173042055647,27.4695860200229,0.19322757963499518,-7.983924365234217,-26.325752590274256,-0.20646710869402454,-1.4163523826179332,1.5517807947256228,-11.6115731296522,-1.8328115183522393,-9.18656433015245,-1.5997869473795847,-5.571879073317336,0.8005287099692677,-2.6471078454540375,1.0689846238207992,-7.52101696572302,0.3514839183891791
000139,0.13082867514146496,-64.55646951133038,82.73088580051117,-20.074470675274576,35.925015236601936,2.1027418977355863,10.48892859706207,1.4513385954618503,4.76971330663414,1.3112189868364166,10.400491579600265,-4.14267445768301,6.170000992917229,-3.907982163275974,2.3115313758202616,-2.809540060359049,3.539856006409088,-1.6809273364982324,4.286519101762464,-2.9895663469396783,3.7526395940704975
000140,0.08668073766371782,-178.60094687761944,94.48260095805466,8.97399928715209,31.589637319016212,15.449755007716329,4.4484540577228335,4.130874219635953,5.658346130888688,0.636802823648769,2.098098378180915,-7.691505833474993,6.171965868184051,-5.947930927084565,-1.4132682508168648,-4.233673644040251,1.3917153248339889,-3.291349146164167,0.5691608833934639,-3.238794504632439,-1.792311468925612
000141,0.07395845346700815,-207.38479513960814,111.06054154550655,-11.186103118142636,25.32177263953172,5.643867225552282,-1.925948022427252,3.1607766161666064,-5.678546213942142,1.4363705920843732,0.8121214965885523,-3.6633512853030474,-2.081918465232117,-5.803520570773011,3.2379064341445325,-2.10846354591631,5.20224526767073,0.3146190422340639,1.208241861578926,-7.513287863490451,-0.9321191610858374
000142,0.11909646213644802,-98.22240664728768,72.85197640731668,-18.450822246448233,34.61950687260959,-3.357754798325903,14.543109910255298,0.25347874706804113,1.6399476052446986,0.3687496791102209,0.031733830633642046,-7.004447907717358,-3.2268764241685646,2.490188775337213,8.06934692577672,4.693637108491542,9.390822909995103,0.5889287836541097,-6.046505308651172,-9.625750037012635,-4.609811517226196
000144,0.13992282988550153,-77.98087762500185,77.82072594698529,-2.8442396565711108,36.807542170899154,-5.485648143533451,3.773802300017482,-4.965180276862242,1.3892103518646015,-2.3289532990025905,2.8158045551329383,-0.8742365804279858,1.3676587557377942,-10.293637482225892,1.7852792344127084,-3.9884684622620585,2.822121098576317,-4.2119330227510625,3.1766174198144834,-1.033925813438067,0.7772661952736335
000145,0.1254827266819232,-89.03340547004218,78.895349233993,-5.044706352383785,32.58996371889892,-1.2356369446679876,7.677144226461399,-6.428872022731149,0.5206405113340087,-4.32437395281724,1.7771962539499953,-1.4348989640794636,7.446309486867358,-2.9914173106599113,8.177609230605508,-0.4120146776615685,3.094070421126292,-5.270760133113101,3.799577696784298,-4.3826694448998795,-3.5583453626965853
000146,0.1597083119877049,-148.34275848719227,67.44712532533154,-19.0142353687219,36.06682331522684,-1.6241680911469032,14.208024241355984,-9.185258633962281,4.230998848426666,-5.986477912640002,1.031069265416677,-6.907462396930351,7.638050415618998,-6.087550010016865,0.23637393404713944,-4.647335149833509,-0.009764194976190963,-4.729919154270524,1.9029955835666261,-5.9948222317335,-1.8939007821111216
000147,0.18703707134610584,-94.6020651419877,59.744116309727346,-20.240301271745032,34.15462954948879,-3.454100821303141,13.224090061437694,-11.660292267953311,5.210675150566234,-8.138715745400999,2.894493949865695,-6.944277173538254,4.132681634987078,-8.018749486995903,5.474346161071266,-2.7332444128420352,3.4845498563250707,-8.47074447831587,-2.1586478746534152,-9.910772260084265,-5.942039191405708
000148,0.11597742234579009,-34.201808346884064,102.59932144587852,-34.65772046909893,20.981659775940084,14.796856330309577,9.576163015985875,-5.338853109016706,17.13410476369544,0.0342933824848067,6.789936087688316,3.178950087980163,8.77459856789799,3.934383804077473,8.233714090030956,6.812585574635585,10.180764578687205,-2.0463507662084144,6.353998092792043,0.945932806568088,4.945423698528602
000149,0.06472122257265017,-354.8980512867159,103.86329034786812,41.57486595230963,25.134912317142515,-0.9080058984700748,15.18626347976821,7.819164374134738,1.587765126676696,-11.088682674658733,-5.430630319271465,-7.347098640719868,-2.3718129613285557,2.2536610361311618,6.506525988415,15.05295424603739,16.309169406472858,10.197363538498116,19.329678392150416,3.410282091381454,-5.885089063974157
000150,0.0617377588004743,-188.08674330513526,146.89682577404136,38.70535785753101,21.105732589499347,-7.48285164047656,0.3339927826593619,-4.394109958351153,5.116117032501674,-1.0859925946984696,0.3953519816493498,-7.074506485731768,8.81443440962169,-5.203919262870514,3.4470248117040643,-4.2960808198566784,5.582754801654367,1.9671534435813651,4.185050100724312,-3.881124798104078,-3.7318134381489503
000151,0.10865101915724734,-46.763700183492425,113.21169575864516,-38.87604978590119,35.25353603513164,-0.1931586130856517,6.238578821404039,2.6944873549515864,7.946208889507491,0.6152593282368805,3.576815381568218,-7.202930611515882,3.6786862330936567,-5.298608674569295,-5.008330326644033,-4.0649541062435235,2.4956222416830283,-6.6607682005290565,-0.4517032715649697,-5.175586622414564,-2.3496093258248596
000152,0.09985459913263164,-28.398465107225604,109.95548906428917,-18.53104553232872,37.1734108023125,0.5679726334145295,8.364345316130612,0.9369401572935957,5.513369367968542,-1.0025785590217784,4.440856005648754,-4.177776007531178,0.6281596330140596,-4.889471732462114,-0.5007640871362499,-5.63013051036519,2.934167064241068,-5.387145738442075,0.8252438298082266,-2.9437243244828553,-0.9997988168355552
000153,0.10770568200541579,-21.00317620287346,125.4849448820858,-51.31981825049767,36.38869668218419,1.4109028891721922,-7.200792651524603,-4.530549198728738,-3.661922460859047,-9.242571603293007,-3.280837719410421,-2.117879624076467,4.197347149546489,-6.649023763530092,-2.6378893074709713,-5.177015624529198,1.6791846749888253,-8.887135734900049,-0.5085734492902498,-5.437575914897379,-1.5699615693213855
000154,0.03758682213234759,-297.252455032022,182.32717842415767,21.947444690118605,0.7116407428479506,9.991198343406019,-2.932703569227047,-2.7689500580528335,-1.4282371332764248,-4.121000853335188,-7.364599828030225,-7.036633467801173,-0.9442715567416143,-5.5498253182671,-12.448962690992213,-6.321543183427306,-1.1711583465067918,1.001316240197953,5.213383971429539,3.2950365044330328,-1.593751977235871
000155,0.11669545686063108,-30.37491001085929,120.20467124978902,-51.13649385650329,32.85171208502462,-7.7297672085356055,-0.29110738623627036,-0.17534187711270136,-5.915200336564253,-5.657357768774142,-7.234294263004799,-6.488004898151079,-4.62857933982364,-9.388863646670421,-4.681889680428107,-7.091315983925174,0.2914040094284411,-10.101756540060595,-0.372876843292907,-1.1526387236276925,-0.11883083960656325
000156,0.08485831160731176,-277.8034648066579,115.61765131542747,-6.754597321703072,13.533462474581208,0.06794106470794849,8.49869980941782,-0.29908243157371495,8.472622935228166,-0.20754950322545243,3.323273754501521,-3.138966588977973,0.16830426291399267,-4.0158036895352485,0.14555801113575476,-4.775416364529794,2.4555368463830343,-4.345251539478857,0.7647066554411044,-4.066643527747839,0.5154475438571622
000157,0.08393359332415785,-244.5047042093995,114.97817321220107,-7.937711908717556,15.666168022746023,0.14659498053615858,1.8509455233617067,-0.5460240971518925,2.5194239490742745,-2.512108395100051,-2.3097549999474745,-5.534051008679975,-2.171191838551136,0.5685229032626505,2.8442378106762565,-0.7069325119815896,3.368722419786658,-2.5671283647183816,-0.6005101372211508,-3.8540531640198132,-1.271596206350469
000158,0.04970397859364265,-258.3834653153018,129.65458920231387,5.6919409907873995,20.688282350966833,4.028021885634137,1.9693754730693984,-4.7307622544022845,1.400959571875828,-5.2134695682050785,-1.8848957605095789,-2.5917781504605375,-0.39227103927502566,-3.348610394917891,-1.0012584214764328,-4.981340661682482,-0.17538389065868337,-6.256674647144701,-3.514229822894377,-5.095140911578908,-2.139968473717942
000159,0.03980371350065617,-272.09063739848364,137.00271935021604,11.122586576752598,22.8460189442506,2.271643412984118,2.085491176633855,-5.886101431609142,0.960314921748276,-5.7275680074678945,-2.719221316179441,-5.3575192708013555,-3.053205840738984,-6.7968614222427695,-2.441312589696297,-8.10191554217573,-3.992147219973189,-9.7098658379967,-3.8030458541407324,-6.391754252589665,-0.8653125296817739
000160,0.05496322020682863,-272.04891284736544,135.91748757487213,-6.939227118390785,8.669973922218503,2.3963121043899682,13.811936753090352,4.627626739044919,5.201248983425656,-6.515371691820143,-2.3928623720391085,-6.597385002923469,-5.477481044759676,-9.819355484111387,-2.8243489906615147,-6.632797715280581,0.5066933239264335,-6.5356831372612625,1.7656611052759181,-3.0003639637424944,0.6490920725980955
000161,0.08553886862926025,-235.98939407193598,124.84378206763137,-24.87753059776599,23.22132844024673,11.14830911678597,-0.9559691443311197,-8.287682060843718,3.4528264900758905,-5.17641370803928,-0.3437428471714668,-2.4857057669364555,-2.50506957578227,-7.443314411816919,-2.8861570660347695,-4.972829642303347,3.840054888863261,-3.611697238587065,1.34603898788484,-1.406079155052617,1.5893673161704645
000162,0.07610758561203497,-240.06682443832213,137.65773109615486,-27.65468681315635,23.288440040238758,5.7950037001049175,-12.642968023730713,-6.539896080540678,3.5681137450251867,-7.0452378481156614,-0.8114082719237447,-1.1944536125803717,-6.071706556234386,-10.49707080393234,-3.0250664305313184,-2.8679493363009927,5.183582241121007,-0.6525767277725565,2.4980649560600603,-0.08875315768475574,-0.5561602182981561
000163,0.061902904524901825,-235.56242060474722,143.56004559258778,-19.783432869239423,20.50446739451937,9.357104155483729,-11.659896190070896,-10.907728128579153,-3.51786271570191,-10.268762487785459,-3.5198972499652452,-0.4216623459307939,-6.99395950979293,-6.81446553403064,0.05173189184954716,-0.68292381378079,0.7104895206467079,-0.990937077338282,4.748576645977699,5.060126470808993,1.2959373611505205
000164,0.05574726887861343,-252.85676114625912,144.20102748718907,-11.19859689358498,10.534592281907443,-0.08080461213400442,-10.178429502533445,-16.288732607204174,-4.439622622444475,-12.17348811737029,-9.136173143164857,-4.533335164486827,2.5277677391254856,1.845066012780107,7.0785823428709564,5.478292615903491,9.702838973567376,0.856752702661152,1.4710686533397574,-1.4074055633464067,-0.4759335470873134
000165,0.04468810516616692,-282.6102490186559,144.72760954095588,4.380487743996312,17.97370794021277,5.430685698694604,-1.3284231540692604,-13.361147286804806,-6.982744842620271,-13.657347163709165,-12.246833742072937,-8.81651646700632,-5.70201268339706,-7.704173652699529,-1.8503815518846132,1.0540943627651862,8.531139240814023,-0.7958348286295012,-0.7381056262607297,-0.8772464408549672,1.9396821570079428
000166,0.042143539970672536,-297.5095044778991,137.8855300938685,15.524791073692182,15.427378755751464,8.39245542005053,-1.1286551846762503,-5.122195246704088,-3.659101711867898,-8.387050991582266,-8.669277997708399,-6.276851035590492,-5.960371084720672,-4.804259965089396,-2.8800729791455586,-0.9663902825538865,2.830915308367459,0.39347944112630373,-0.3002363939444853,0.2500619523411237,2.754771104831061
000167,0.042450650358243774,-313.4100692726719,144.37594043412454,6.024791912611106,17.73654701433092,10.05560637351125,3.6338787940639907,-10.022437885863267,-3.079440750070257,-10.08275115459292,-11.125807301188221,-10.544194406575103,-6.189580819588856,-4.450605007048958,-0.5594779112354595,-7.111312028788733,-3.0557035394765553,-2.2020849279917556,3.5181368193863363,-0.5118051386052994,0.40529288805840186
000168,0.10822933005550193,-336.82007750898987,100.39404053862151,2.4845629464860592,16.129016367367996,3.020841121186801,6.100494798217956,-0.7627858501314833,2.886124106525511,-0.4437204573012788,-2.181911096683441,-0.2925182386958178,-5.108692376206461,-4.696963949276265,-0.1483500013748323,-4.600940210023221,-0.19973382725440045,-2.476314483529141,-1.2688149328703793,-1.6498636292001285,0.9331245688918821
000169,0.03899901874098269,-192.13521876372764,167.2298807336005,42.61609311475804,47.61830643262402,-1.041378518434804,2.817497795052904,-4.803746985402523,0.870100048115889,-18.58187047678975,0.7360852373933285,2.8779892233328828,5.546802705356831,-5.091619630879845,3.823923582679406,6.187568053568057,-3.8112367700426035,3.7423639644163047,0.6037538531692903,-0.41813391186288174,2.7688958521399143
000170,0.11409571734496743,-101.18067004482225,111.81742605859887,-17.631976927505118,34.97723668391128,5.823502216459062,10.340941767856187,-6.674630647687105,8.496066086104454,2.1753689829099137,-1.301315348604112,-0.9874152214821643,1.4130692857503122,-7.544356086360806,3.3005507238076506,-3.8694173660424402,-0.6703855582969466,-2.3842629920171516,-0.31184204921878045,-3.145574284400642,3.953608364525858
000171,0.12161984189203887,-104.97189576436652,126.33349328929945,-31.627888690352442,25.501249185447467,4.649288823062774,12.39635875754027,-6.779624373138942,4.065297745317981,4.927172424231254,0.02312880210498958,-3.6221681303739826,5.4606637680327035,-5.264230816396708,1.3233949632325703,-1.5581966878741011,-1.6744899958695973,-5.631765127173418,-1.25799045740054,-8.98707103708314,-1.3632737294835513
000172,0.06903834727112676,-79.24417997103744,142.98402034186535,-21.694840383348883,25.512700733451137,-8.219027850253537,9.694392773879116,6.585088865411814,6.98241113956203,3.13565640138785,3.505813808395854,-6.124168471769352,4.897547886183313,1.818518003288782,4.876054728852515,0.39526828534120073,3.080258768169639,-4.494394966726111,2.246217353866064,1.4734604879630273,4.674416913346521
000173,0.058408421525559105,-129.28143407068148,160.29540313046942,-30.145113362691117,22.621154624206977,3.9790486595056946,10.639772437353502,-6.13110723277086,7.941508936017235,-2.5464908072369083,4.379178754017419,1.8734643044321517,3.078544734925082,-0.9126885899127073,1.5110633720577973,-0.44884953575093134,-1.535452646618648,-4.496345394035915,-0.7961392010904876,-5.280157512734699,-6.203794536678575
000174,0.13772314612174266,-125.36866245709105,74.7137174038752,-13.039341392111087,26.74718480843532,-15.828025284396618,14.780754573005437,5.786850923199155,10.402591804500545,1.7937431955796226,5.0087175147246095,0.21246079165143567,5.232838622742154,3.3038207117085707,12.039853892934989,5.121905279470882,3.44006098533551,-5.490057751849723,-2.3344702798345405,-4.440946157586827,1.383940264883949
000175,0.10284548910628398,-82.89863555238914,116.80675308046084,-28.457245738513326,4.741045081649634,-12.443067923749906,-6.987265399186049,-15.890222351679306,-7.253165838994311,-11.778083082001848,-3.4673621142461544,-7.829487739058451,-0.3127591912801226,-8.686788026216895,-1.6738561952601305,-5.945534343328027,0.13474829426556578,-7.424442399830287,-1.5578085842783072,-6.3097183421986704,0.5466488272279889
000176,0.0811695480291322,-62.327731377162166,138.7538891947383,-31.32108539758522,16.74358927223059,0.44707389021434546,4.897856974967409,-8.242016108792235,3.14051638813289,-3.903730711761964,5.964200223338222,-5.846966146837325,-4.612075015421225,-5.829751010372974,1.8557893072216556,-2.3421779507057776,8.037599138766168,3.709981208187425,6.2668701071522985,-4.627225592317011,2.0138694792422696
000177,0.07013950344492585,5.379701350971641,122.70955893756349,-7.1193519318561425,30.501955716840623,2.7056892669177595,11.681875344271424,-4.535104158937734,6.476394243270325,1.3446751694866041,6.529256258522773,-0.20739493940970916,3.172440493962646,-10.285894836891066,-4.332399987602842,-8.439510846286627,-0.04352149312888029,-3.422688512281172,4.4249525050592755,-1.6417130513330789,1.0909279104937488
000178,0.05656958479666249,-64.34729688240854,166.3430136323115,-25.674250433537956,36.623477990906494,-27.733507047839268,-20.719775834366178,-12.668260850528203,1.4845389288723763,-20.95807353535491,-9.716237302964702,-10.725853445984907,-5.659899486638364,-6.895313806731898,-11.701351093448483,-3.6422678662346857,-5.169651439385671,-5.154947689161063,-0.5470539538931676,-6.127676474799344,0.698383082002824
000179,0.067326743128862,-50.91826884361391,157.86448414798053,-21.035238117037824,18.588366206841062,-4.7730623685549896,5.840402448248193,-10.110879885272112,3.3526571136627616,-5.352925735394867,-3.0851964104541385,-3.9645871796059713,4.112417261690392,-1.9589471980013864,3.91738725399812,-0.6938645055962109,-0.8759649301775798,-9.591129110655253,-0.2681053128306655,-4.719133378875503,-0.5713164397673436
000181,0.164892272866268,-74.50134996982672,94.48670826677949,-38.26886454846956,44.6095742034526,-27.189130978792004,23.326911813369446,-4.375485847604681,9.967316017048454,-7.469423869141467,1.0281454720982819,-6.640990441544042,-3.738252380000061,-1.7478074906110033,-5.732282719002065,-2.6086154996342588,-2.034151890707201,-7.892777527823198,2.321264636463052,-8.98055785484922,1.7857288063527523
000182,0.10012249252924721,-32.08317263441661,135.8302984149199,-58.9131180849702,44.42402836444633,-36.50692787468738,30.322624993759575,-4.589785849040407,11.916719173877109,11.801558208817406,7.556395597601306,12.778393660882243,12.130147060415913,3.751392458753395,9.162113870247284,-2.4882604793491727,1.1006087420087267,-0.4843175948974882,-3.0897586237825454,-0.8956907478535531,-1.400021775445155
000183,0.0813721073993611,-129.3102278222189,190.9564085869842,-75.35960497357131,58.205122811956954,-10.369805148532633,-12.867234061603424,27.497292506710448,-18.156033251832355,8.253267842036314,8.028116258696246,-7.361835738394516,0.15770466486594187,-8.074694697801647,-4.849187926430115,-7.851742909947227,-10.180253068612823,-2.8339118970688255,-6.236015241780325,-9.89737579436958,-9.259892944121262
000184,0.13855616031332635,-39.69080443575264,90.8297548941849,-46.074066777952055,41.458819283148614,-34.22181040361442,32.94015865529161,-8.686154980780826,17.619779166014958,-11.75219954432707,6.809849316923614,-6.800056330714532,-3.3353773496342125,-10.642207108158035,-0.2594925205405191,-11.773175561684061,0.08043770910183073,-10.033186216628547,-2.1566168397063117,-8.624291006331681,-6.136528635651314
000185,0.17169300426136364,-81.4701698044228,71.74508631369841,-55.04260866053612,42.529257102838194,-30.195824769186324,11.761082087801489,-7.080578639836385,12.727072202772113,-6.478172205679535,4.510514314250237,-3.672196993754955,3.2662326876295786,-5.918538077953154,-0.8022351250171785,-6.7774317635432855,2.0153256083759796,-6.297149860587063,-1.606103915543208,-4.631098280344862,-2.0073621775555166
000188,0.06750501036768547,-332.6715199614529,107.54239036778252,-9.630689084296316,16.623763605613338,-7.107607980191525,-5.336428465273199,-13.358116654743013,-8.988406868783672,-9.092166967094434,-1.8948458611784058,-5.260662219367509,-7.804539309089438,-7.0191311129770115,-9.670281083986099,-11.472793324458353,-5.714645704663878,-8.87757608682871,-7.660666830102936,-8.277030326299181,-2.609744196875846
000189,0.07617307500307201,-215.44370081470146,178.70675385660948,-67.91706516383776,35.194009759873396,16.33654631488093,1.5905114617626486,-2.810608710783879,-14.660644114762318,-11.954340833769287,-9.67850951824379,-9.554948769030133,-5.880410415103443,-10.890943752488385,-10.544630906769841,-6.99905853675863,-8.203209023807808,-4.126954074220016,-9.247054250751606,-8.02551429846161,-11.041935025929716
000190,0.09348002258158508,-157.6468510482601,95.08103884875786,-21.241620859735487,24.652491603401355,-10.563945347121544,-3.7541611222992306,-20.64001376393591,-5.485082898670053,-18.072930371591443,-4.931614570214505,-15.79366180407418,-5.108100952837769,-6.737799428304705,-4.891905819258667,-5.744001325198244,-6.005229273480621,-9.263382336572871,-2.549044735587288,-8.398813437787537,-8.743426142537805
000191,0.10028406057478256,-219.42381832152896,166.28037465108497,-33.68618475224792,1.0715666683005034,2.870085651343135,9.707204018761386,5.675388802787301,-7.421373984788485,-0.5315253099925619,-2.1266260677415283,-6.370365181074597,-3.0714061846317184,-6.85522765985227,0.11832472828150495,-0.39885586365855163,4.983661963839537,-1.7300390750590604,0.23871837300836724,-6.097597725592575,1.9539129449394408
000192,0.15668803741472428,-421.9480679885282,87.11801919736142,-16.562983731907206,-3.260936812738205,4.190435852337794,-7.256422306378684,-6.842152237102224,-6.294235301566043,-3.1864054933490253,-3.0456159221793335,-4.548739812315862,-1.673514702075048,-4.063414564148986,-3.877329095044976,-1.51076059791235,-3.5022567866037155,-4.914218344445182,-2.9472009624189486,-2.9152543493277467,-3.3082886147918504
000193,0.08588273615170335,-196.70948202044187,111.85941396401917,-22.057600703621635,32.167992204372744,-4.859015263566972,4.266604077977689,-12.92630983056394,-4.24351817537536,-13.454346436199065,-5.357252471340654,-12.268035534035768,-6.650309365376966,-7.777370946161095,-6.247678943947155,-9.854044934926051,-6.47235971823715,-9.058841491270393,-7.500667024963594,-9.986207610497216,-10.138309461278855
000194,0.07629124705580384,-188.40054872872358,115.59913874902574,-26.08189383143435,32.61493356570888,-8.434101104520533,3.4938529598172843,-12.135148045142378,-2.0794363042409665,-15.5968314710708,-5.562916741459508,-11.711592096273105,-3.896247764792262,-9.33049176337914,-8.861484123451064,-10.384009688922253,-4.903285684815943,-8.559903540340386,-6.228744425741436,-8.744249849996601,-7.815725747570966
000195,0.11394565184862165,-237.97163489015117,127.36004500197755,-46.881371810491814,19.018502733451236,-8.834261359530045,-6.02075675956125,-9.499954168074629,-8.078326718129615,-1.4725939711426452,-3.766560396119223,-3.5197867205103064,-0.8277514949991067,-8.595556864097011,-4.64358077828185,-4.782541785429957,2.0571045818666605,-6.1128575968389125,2.5891614467343413,2.0429970224639744,1.2638425633007946
000196,0.07902024888758183,-257.19087732322413,174.21295569226245,-57.303721938451346,25.22978137434599,11.615920610057072,-10.279797303979635,-0.6703102530080145,-17.81041105391171,-11.687605879236534,-11.316319245942807,-10.055756082473998,-7.920444227016179,-16.544283667766027,-10.969572923743595,-10.512168911998925,-9.57701554966974,-8.521775095763159,-7.8992757715715625,-6.038953550617465,-4.770786123219431
000197,0.054005264427154004,-333.13572465495525,113.82281751259266,-1.9265472416783864,17.514521877252964,1.199926506841951,-2.938871375472949,-7.654227966983016,-7.213048374520868,-9.525379898250314,-6.826394314519274,-7.333256497685112,-7.319681644780044,-5.340332698777359,-8.128657475745367,-12.82513095856517,-8.154995933842553,-7.790490345800824,-8.101741104690985,-8.01257093489331,-6.136994309915557
000198,0.08422481014466195,-134.74901220690683,107.73392151607675,-28.732431037191088,36.14928523606677,-12.23113177641296,-0.8922034451232623,-17.46038008557166,-2.732958097105013,-13.557512585337065,-4.732016300810127,-18.10267487856768,-11.29373097347344,-7.421497811999098,-4.958260483605028,-9.991395413319841,-4.441685072481725,-9.38479799422637,-5.591103315479655,-7.743871672110791,-2.893555297780648
000199,0.06626827433957892,-273.92028366625465,140.9640060764958,-8.649370200265118,12.472198982811191,11.699935929587419,0.5952192884047449,15.639847139217963,4.146163914294448,12.254246598359794,5.317488550376512,4.070507654559647,4.998973986791679,-1.6851498261251174,5.223185794665184,1.2593740749398392,2.5808775748028103,-1.7323193150276743,6.280092976007045,-0.7648850102595597,1.6589484807212778
000200,0.09322403280932152,-142.69630795177798,93.57439578828634,-28.335224564490865,35.95938939017415,-8.90269985215484,1.7547864534118338,-10.090693891299699,-3.077879001905199,-10.889857492009453,-7.053387912062691,-13.548929975404539,-7.530527608051644,-6.608413717934585,-9.912262064537398,-8.518512057072552,-4.929863039571738,-6.614829452886457,-7.227553685272338,-11.709553440994922,-8.777918923107567
000201,0.1209364593121269,-153.39789672117357,99.18963411089607,-35.06904722864779,27.069385906021452,-11.299786620813109,1.9307684224199277,-6.256006385010147,-8.126967577077185,-5.410744260724683,-6.822156849213745,-7.301682096895402,-2.9041971054979308,-10.949527885999396,-5.834595058688945,-14.633808570269213,-5.020523289966745,-6.454652141444434,2.234479097592428,-1.6349557928145886,3.4167320422237673
000202,0.08604015277965112,-228.2792361816356,154.17646106679632,-49.402040889312794,29.381499919019355,2.889883333912988,-11.757729312197807,-3.3423762266871737,-14.427181453809242,-6.833122135411041,-8.924735085474243,-10.414409316702818,-9.08732198500433,-13.043363385445469,-6.827434882971201,-7.320754102650078,-6.277431042784087,-5.107927336625331,-4.603084338067421,-6.56789447919354,-5.6532150185198695
000203,0.07089353781209033,-242.90686794965782,102.5069441939405,-2.65216530641124,9.864425234406246,-12.845851074350167,-14.695836537414134,-21.05290295471506,-12.918491341098164,-21.28956983560102,-10.686483351039996,-16.449932940739615,-12.841306773438392,-5.711488865395273,1.032694668543296,0.4536564230958865,1.0781853025867592,-2.0915439584011337,-1.4600480353509104,-1.8072284112086987,-0.2599480285646852
000204,0.08869983473127327,-138.54039054537438,116.19013418833563,-10.10392980278373,17.038061147190234,5.395326460235435,3.077367831531519,-15.447678405582872,-5.990322375727937,-16.368298497794733,-3.0792940584275716,-13.776207922691205,-2.4942399074296766,-11.418133715019941,-7.896296382037159,-2.575921346055654,-6.799032682952223,-2.131704515323588,-0.4725496438145193,-2.636279356424098,-2.736620953477657
000205,0.0845102735751357,-232.50557405788527,131.97925955015913,-42.15571411384273,34.30331928203911,4.923481853638812,-10.595718821973954,-0.291525027582882,-9.487191538408036,-13.481868107715774,-7.726869512774984,-15.603636688415254,-6.5083928605245305,-15.03406839331813,-10.620082254662966,-14.446631688233834,-11.74005147688081,-10.583965801033122,-6.238981340129201,-5.754629333709284,-6.911310556627708
000206,0.09058433657786885,-253.9446712963264,175.66565543565036,-56.66175236335295,25.445376584250447,18.493522455434814,-12.284658370529465,-0.1490105801022067,-15.142458587663628,-13.434440770433532,-7.47794731942565,-9.77402798201155,-5.758664390298129,-9.181835185932453,-9.170356312848382,-8.513780454903934,-8.814211751674623,-4.95391712743512,-7.329028784371247,-9.168966269751456,-9.952917386684758
000207,0.053892036010033846,-358.6864623557038,116.10053228891421,4.564369625090651,17.666190494504313,1.1589269277625833,-1.5370158062513006,-3.414539177661064,-4.270183914567585,-7.806511422180856,-4.298331882213304,-3.252566972823824,-3.9432769080845866,-4.890596824143086,-9.232030691177945,-10.433855974374413,-6.449151906326893,-8.591031087492757,-8.642394785669445,-6.0804400067860875,-4.235896962422157
000208,0.09223088432264648,-126.71125504243888,108.71378882629058,-33.07387775517185,36.33247992209889,-9.536666885046948,5.433426915498914,-13.711074632105412,-1.2660396569016776,-14.387827147255084,-5.220046520836745,-15.075595654042809,-8.645527288791518,-7.3591229272885785,-5.5246882902280605,-8.016597452612498,-2.7620995031269704,-7.167528854888538,-3.8236528426504934,-10.121080874381311,-8.857485007390121
000209,0.08062315823739036,-210.55260410832557,136.5463133141545,-27.46155160327207,8.318772004467343,-11.715956623769824,-4.269878829917399,-23.471636397755354,-0.7311322231376486,-17.333823138222012,-6.752116699112615,-6.585088851219437,-5.501962533312062,-2.9605288190890002,-2.8259597749459893,-6.312502850715766,-1.7899745438667825,-3.686972728957191,-0.2949612055943828,0.3237717109596091,-0.17224480813992465
000210,0.08418434483819076,-146.18905997046218,104.45194226545834,-28.71117208694143,21.605444116107744,-4.689963618628631,-2.1282710615478746,-14.343545812905292,-2.531060005964651,-14.564845132614558,-6.551494338298184,-13.196838884475506,-4.061175644828401,-10.188056395211797,-10.92895874971127,-9.658066215607862,-5.786626474348481,-3.6106753587928053,-1.4994592446277422,-9.462038291853457,-4.016855265217261
000211,0.0846035106645659,-154.03256969011076,106.2661769699516,-21.70646175720048,13.332100489476078,-11.740719378405343,-5.794933949963243,-17.576311251021355,-8.301122188000072,-24.588074808298618,-13.327157842646722,-14.115295637926378,-9.036756159503545,-9.153878120334973,-10.775455740119881,-6.40627705723716,-4.819620472348059,-4.766804845034615,0.7844423788026088,-2.517089815138343,-2.5193567070280944
000212,0.11053420054917372,-142.38813017459532,95.53922353666034,11.720252245218925,13.45955582970176,6.164024550040636,3.776285973429784,-5.706705981924901,2.095782302891444,-13.970158580131327,-3.704035197048509,-6.294214874069295,0.029515748171969218,-4.672962682992328,-2.244305323970932,-2.454399874838163,2.0327447354586448,-1.4430593254389996,5.334796928546666,1.1569273041099926,2.508568081918917
000213,0.062040570897628905,-185.809555230631,125.87097333095988,6.854043572196046,23.153643321199297,4.770410522770443,-1.2517772704602104,-7.3434712729446385,2.7864289304440883,-4.4983674800746805,-5.355843795025622,-10.073508073849215,-3.704602709296676,-5.707097619401984,-8.904507227328132,-12.819334231811727,-3.016278889026839,-2.6554553229869775,1.114023698027952,-0.204110585441974,-0.704522995727852
000226,0.07297105633095692,-28.916506325859643,107.79057367663559,-3.8869822979105986,26.418728566978604,1.4008585684910166,8.665885700900311,6.155380128116068,15.202480399957215,6.578549984605821,6.635816900722811,-3.2635456783247445,0.8903842588466694,0.4341418462330086,6.809880465926796,-0.3438462033987758,2.4107839367978077,0.774762599726809,3.446005382231341,-3.1382593184164294,1.9550764313617623
000228,0.08712434231081152,-13.353288242023678,104.4227491271571,-16.35889725511305,36.856551833610006,7.137899883329303,8.483514052313955,-4.274230778810834,9.744140631206145,5.858945276082356,5.528890646335059,-7.606452147358059,0.08148373848113845,-2.3444772373224985,3.582615753048625,-1.9813078907849886,1.959319887169581,-1.580813341646783,2.466384525718668,-4.873267617450759,2.0611856601339267
000236,0.04955324735387786,-142.89761251186556,108.31439260571936,14.740910358789513,28.43510911845068,5.031891164394518,10.296019263800504,-2.113078966473259,7.08166986926365,-2.0413436484264045,4.097205622946222,-2.0748486842272897,3.398891683056106,-2.9262304899162457,1.3184703811024283,-4.209707353695601,0.44197102385490444,-6.920843580928258,-0.1291117778478894,-5.115916374171895,0.580966186156259
000237,0.11591264708968234,-125.10760078449005,92.12646807015591,-40.85856977259785,32.63936914349656,2.618300761293411,9.53958305154812,-4.506986035505891,-4.756981634995947,-6.12677874167274,-7.9474315397832545,-11.350577404058996,-2.3309531900565696,-7.714189028866528,-0.08447109360800693,-2.0342518170159836,0.5550925332053183,-4.156896161942127,0.4347621950801109,-1.3654497210535077,-3.026506622522771
000238,0.10938937990215146,-173.0412376822221,104.4781145607272,-51.73981626734919,39.77608932740928,3.0970933287606046,11.318295207188486,-3.195965949182408,-2.240044729051072,-0.6320746731344553,-8.004222421628869,-5.321604840443398,-2.088036797420101,-6.064593212764554,-2.290250661005398,-3.8374648963811917,1.0614583011088348,1.4143125768439238,-0.49992209889860073,-0.03241591903154998,-0.7791079171295792
000246,0.1211001710799028,-0.3691244630109588,89.97258013538043,-12.648848396466443,10.750123647388788,-10.207822326206054,12.919383115228788,-0.8224716167930531,6.931296246322677,0.1644606362114387,1.210796151868436,-2.0378875652664754,1.6880390685849656,2.0040547861155025,2.2316785093107283,-4.655696382083236,-2.800833539497411,-6.121052633053605,-1.5077852004949326,-6.598375596069691,-2.9841882030514975
000247,0.07726280340647795,-136.1270979313737,131.46123302818074,-25.66786591937553,24.385215818831462,-12.724104038781899,4.231700066223733,-9.482896913194493,-4.678015066279865,-7.473519748067322,3.1889428833712117,-5.544634602211397,0.33522804187630945,-6.7560760945253024,-2.453464498108164,-6.60428801214697,-1.2123140648135189,-5.111369457584318,-2.7068936829762538,-4.0930356474771425,-0.6105041199060405
000248,0.046297319853193096,-134.69286669341864,153.60987172141736,-9.138381829615364,41.3418019381869,7.564478755814068,7.415711911822835,-8.854204374287292,-2.0016585541855036,-6.721125415730413,-3.5017783260075914,-5.320224759274422,-0.916952375133687,-3.416986229822002,0.4287867286461422,-4.831008772704538,-3.057351721033181,-4.780766001809221,-3.4287003555396574,-8.139900514778857,-4.853644765271527
000249,0.04489785376595155,-178.03704806102624,173.31514532467727,-19.11908541783448,32.30040687823542,2.3627443272870745,9.863448130358089,-4.406966509789059,-1.0377325117158032,-4.504972075153233,0.5192025696454565,-4.808425303230152,-1.7430905803337269,-4.900316708936004,-3.603196751917778,-4.766394102146605,-2.4431682480747083,-4.053581511794698,-0.648268359218285,-4.02333399973268,-0.17597619391091143
000250,0.06112614066221849,-102.63323684939468,159.05739225792303,-25.388219809809602,39.964385474346855,-0.4735090341083276,0.7891487032807899,-1.9217184255790523,-0.7390921042446692,-7.648169144609804,2.900422993244847,4.765722230020189,6.562642575172774,-3.6476810786417344,-4.850109292807046,-6.352822291192749,-5.633005137098357,-1.8592479493301453,-2.884754948494366,-5.321618052845944,-0.15952463903363098
000251,0.08083246325945208,-71.02571403655082,126.44352018190955,-30.304031876462865,35.16867116480331,-1.7760129963595532,2.9521130595180622,-4.993054656769063,4.987958447342296,-7.309355945439467,-0.9947891069532645,-5.426265430194252,-0.07688862461925117,-7.789557023580548,-1.4491266304915433,-6.759761273636755,0.11393933707778779,-6.797629987009057,-2.1524173891170304,-7.691330207011404,0.6414207416701174
000252,0.061452759197324416,-156.836915574522,129.55979951746275,-17.899433010751643,34.25250577826602,1.1312241279769002,6.897953689231091,-7.93698539301259,-2.5500506646702896,-9.009314030083601,-2.7638815350735473,-9.709975316208608,-10.17128020645968,-14.030763516498466,-4.116466079387706,-9.569296700151847,-4.866304731965153,-8.049766071048793,-3.706733542537119,-6.162716768148276,-0.39417340523283995
000253,0.1288720474600234,-58.73566972240148,92.1864021047735,-42.16650584430854,14.303435488323919,5.342471948283868,0.722530365451568,-0.15367862937426063,0.48644242946916394,-9.586232552539602,-5.873919871996161,-9.93649069014149,4.191118230847191,-6.821071522490977,0.8162654096040927,-10.626491962028974,-2.7073725561195614,-11.941598166478855,-3.894749005366741,-3.5397574539833934,2.5526172406918195
000254,0.08746226857351344,-13.940358305591909,98.58271244951001,-11.265683967076088,32.61878269038957,6.466098389415282,15.454768998076638,-1.250551219168372,11.46649004144621,-4.381028931393508,2.8369039895034978,-2.4785571718701926,3.968609481371594,-1.1491562098513453,4.9725614659072574,-3.068222799520576,0.05455443006501206,-7.590062355726282,0.5053232044354004,-3.008054580831691,-0.35514470878852517
000255,0.05778960599984117,-180.76104883394788,159.97604232715844,-17.910718985429764,15.071656053192592,-9.821708782842157,10.156201522504944,-6.369235059108633,-0.02783765672423988,-7.563710236753096,-0.6229493125002058,-0.9093348012573723,-3.217242915707617,-4.030663996010646,-2.5106226150805204,-3.907014639556231,-1.8111042007801106,-7.268143312683435,-2.6427005051752985,-8.039486723888809,-4.230215775938521
000256,0.11279330534093521,-8.769050431441999,107.10328698360192,-39.641724440539186,37.322961205272904,0.8911582037921523,3.6435828427305856,-1.2781790503673935,6.733791040974545,3.036979372150927,3.6672853412849187,-1.3637266291492949,6.018035499837704,0.9907073165847222,3.117676179597761,-2.1245226380450486,1.0099470434127151,-7.153499373913793,-0.38529352682694057,-2.6032017919593957,-0.7364394366320212
000257,0.11930369440654169,-39.62337112586749,102.43954469299442,-42.38105648135418,32.084369102871506,0.23110551471131022,5.574475713744332,-0.09419951910421939,7.205742729356921,1.2786491711944281,4.861567625776233,-2.187247361140827,5.624649938946462,-0.7360588254262334,2.4972802535039977,-2.6876801266824266,-0.853432190941606,-8.0094356251565,-1.3282932217395576,-4.010266204732799,-0.5827594218848494
000258,0.10346902223804702,-69.21515057316714,104.35137902814466,-33.95158604888761,35.47900686334553,2.112719774577417,5.9886359585970945,-0.4416378781386551,6.910297440011272,1.335566567186717,4.951034572766963,-1.5052977613809981,5.7754982475528855,-1.0289939521923408,1.0141966665063766,-1.5396047135882813,-0.23803124153226846,-6.306159841394521,-1.3824191331112519,-2.0539994866726103,-1.2587096539103564
000273,0.17257059733072916,88.87705728532599,58.979845502987715,-24.37976230719802,31.821662770003314,9.91755980051507,14.155604094507732,15.397423971396002,7.09144113880595,-1.936065569283168,8.121256641447948,-2.434784691879798,6.135309479637528,1.513462235975991,2.9491564169572535,-2.3797379270943986,2.588165211833842,-10.382872146340988,3.3501736912485747,-1.110260016520972,0.26452488576303723
000274,0.1820207653971864,97.69862513590297,51.88489726324495,-33.11526483579965,32.359191804972056,7.434783512803892,10.176870450790947,-2.202594333508177,13.904958946981765,-0.4388695289845386,2.5676458979372656,-2.112657359241979,7.6531240026221115,-5.8138595874563945,-3.9397886698778404,-7.002791153619298,-2.498338887709314,-7.267781572387421,2.583400516749787,-3.362081493937814,-2.314191751691325
000275,0.23179249861342208,84.03337333142434,23.82863795740095,-35.276313834644085,31.842864304678912,-0.15771632865384158,15.992688008878032,17.774667895592096,7.232332585596756,0.12380496661232458,15.345055293845732,-2.261484356613939,4.928623503432563,1.2269911839259235,-0.9268506087245165,-2.3179706227174384,2.9787370846897265,-7.111576869365842,-0.06938929509279032,-4.713551524253602,-1.408408522687996
000276,0.14854524938442837,99.48277991923747,71.12984841672485,-41.145580371289725,24.315839438167977,9.953379067398753,15.794629064821814,11.132126395596453,13.685535574130169,-3.5402652338299796,14.430903528593735,0.331639984939807,7.033305939837154,-2.305230578108904,4.964493572660706,-0.9082061395703649,7.161086402031585,-8.151948978421542,-1.38716826251394,-3.011194939326939,0.13785451551034258
000277,0.08083029309918377,51.00722408240005,100.89082288173591,-37.373301326888075,35.11214644592002,0.06869389353577496,17.763775950398337,7.039740619811263,9.4082888207031,-1.2473372860031893,8.620965700309142,-0.2648354705714195,10.941271173937032,4.674598649077337,12.100687821797752,5.069051045402806,4.94396539535596,-8.01679484858487,-0.8248252902796426,-5.352364773375038,0.1585253009015278
000281,0.1650057230069854,55.370810259548925,53.90131348755342,-25.081322887644877,49.19417759660535,5.154179390569572,22.15647436725915,9.535499794913655,17.225641541405064,-0.37975429915839637,11.533618733673501,-3.8307652473638414,3.0333397273253673,-2.8467734968438703,1.4316307410480944,-3.282771537803997,2.4359859937218444,-4.990190306228289,1.7012788298275365,-1.437890492431763,0.6711009583098828
000282,0.13755841252787168,56.82225599683615,71.08309749720776,-34.87998924648357,33.55118528664892,6.2251941544198415,16.327202923051637,12.892901962847011,17.38176761637617,3.085024530255799,15.965284097560449,-1.0289518466257215,5.431740194197694,4.56792898293774,6.88911586588284,-1.02506695925434,5.330319644142512,-8.244485879332524,1.0477273647857628,-0.8360698626797022,0.7592289962892211
000284,0.14879318936237892,86.53440208034867,61.47675839433796,-11.554735713785247,33.876031071921766,14.236224289694308,17.274742293637164,17.464820648530864,7.090392350980278,1.6954103503213358,11.83348663591599,-1.0566407761451055,4.287176137064681,-0.6634180920100337,2.3611951102111854,-2.79178946067581,3.890477417543543,-8.668302742296703,2.529720250057771,-2.419044531191005,-0.0428142674996938
000285,0.18611361097318768,75.37425847217841,44.37646834891205,-39.356117886758135,39.641017687998286,9.850017832727858,18.38775421461494,15.650384521326483,10.619072525504627,-0.6912733071281711,10.124577404241021,0.9173111211781118,6.276325323240578,-7.984141450629371,1.1825876696600457,-3.5255300720391953,-0.08892896098531858,-8.559288298761304,3.3734569725329853,-5.615056638134223,-2.4010035146509967
000293,0.18110883715334877,104.63632059035032,48.41353923165466,-24.841759131165677,29.884896577884547,4.466703638977276,13.091905494513046,8.728993327128494,5.386103424041073,-3.5144310031169312,8.22390497409345,-0.8391421869183656,9.272872516946794,1.79342939847841,2.5475543465700006,-3.935125657863077,-0.3470005573026757,-10.595482618779936,2.1328122070388105,-1.5972520804129657,-0.8700426328772909
000294,0.1251486525496486,78.15369421969115,69.01925877857022,-24.306447739686426,32.19084393280954,4.2958792469358285,24.233754688724563,10.285766135948041,14.479686687258878,0.6933742250453208,15.30242731345947,3.930384011851717,8.070109330093823,-1.2942678062805153,4.859128045876109,-1.7142073907207642,4.992381025378259,-4.985913358945016,1.167579605512691,-2.887042130439392,1.0018686025031107
000297,0.15162690704180415,62.570876691002454,64.57206978965183,-43.54236358837357,55.075679942617256,7.037563436409238,24.80092511179166,15.910992432309643,11.994448189045201,0.7289130620931319,14.057845607749105,1.6974043701331918,9.50265641937046,-1.3528501470949752,1.8784225152268255,-0.8482742693970898,0.3472027962682228,-3.2378315240420372,5.067659612203591,-9.882707885016103,0.7846275585573547
000300,0.1219230605728537,19.50573376163868,82.71227864544312,-12.845854966663813,44.80088959049043,8.15874671122808,17.481060528631534,15.043344213599994,6.289702907475715,-0.4014314990225988,11.665950271158966,-5.505778905641918,5.322610378724314,-2.8418318380932686,-1.2287606789790295,-2.4636572949825783,0.4260964018933223,-9.226540468442892,0.4809197139599015,-2.9822506989942954,-3.5132266011230047
000303,0.05792896055510707,-199.59564631228415,123.29538036327803,5.529092101297759,16.84827082233832,13.131481672226327,4.419085277595825,-6.790181485123998,4.436292620473442,-5.617401022156767,4.864348625945905,-1.884319815650942,3.4269927548246835,-2.0852004863019684,2.2833929310314445,-3.9374528460822833,0.548423636613647,-5.666800179999634,-0.07037020417609238,-4.262356575359975,0.1199178262650037
000304,0.02171782635235244,-292.2995805117381,147.03041248892725,28.502210278810637,53.50591516528831,19.939343481259655,17.638350800954093,7.193331132586728,9.31563781201547,1.9830442029146784,-3.8649200764777225,1.1379433254856315,0.8645755294153739,-1.9474077768189102,3.1405245433021642,-0.7034456581923374,-0.7157878472875306,1.4778031873073778,-1.0598608319955238,-3.4475539612754345,-2.969471628667759
000305,0.01490273880875291,-307.46147913548674,149.4104753425499,35.2431000341125,41.924374627655475,28.60315520380442,15.025816313134285,15.807106311998758,0.8278305418891242,6.736901027434253,9.599979731635935,-0.7640320145730377,3.1735293766236934,4.016841317264361,-0.34727692097244506,1.2527494998909623,1.4064071738352484,-0.22896836083643318,0.4651124266675399,0.5102175066128565,-1.52207912024282
000306,0.050628204018495354,-179.31136537804286,136.32870918649533,10.508023098233876,27.565283558178646,-1.1135614789818424,-0.6265591112784819,1.7204954377337935,1.8289660938420804,-8.67734288703884,1.0836646615696812,-6.2572144034944435,-2.066833388246297,-7.61835346495727,-3.017562921179889,-5.706721343892148,-1.8110976175319686,-7.814199928048099,-2.049650228632419,-4.833572994938907,-1.2364790886241137
000307,0.047983278995462744,-201.51512294999526,136.15228499725458,15.768407862194682,6.018036325387602,19.64682499291598,29.22862707934682,-5.468402543685979,6.000390332944949,4.003907158741018,4.546645544399169,1.7277215425277699,6.307433212351132,-0.82511997070983,-0.2697914923469884,-1.112414399769364,1.5611021160846252,-1.157754104867,4.5527778389114975,-3.765390672505394,-0.29329964480108084
000308,0.029422991001900076,-338.68488837755154,159.12100498112736,39.78588513489999,32.60199567973655,20.25818684834084,9.845752739587061,7.62923425520018,9.702570150574816,7.520871944968993,7.139628296727937,1.9873309817565243,-0.8964004728393199,0.33735504951359274,2.3523815702033497,2.400119042692158,2.640705560148496,1.390135769503228,2.1972992109418104,-1.066199027409131,-3.8894394469097926
000309,0.024388861841606907,-283.24151320113,159.16960039248445,8.79852148507573,17.85133940478766,17.865147291355704,18.47103870467994,25.577896372477223,13.230929477944539,10.262421322669615,7.046533191599574,6.031418966179917,8.403516124362039,5.893585846215965,4.718602207447242,0.7351896740063623,-0.3543365131962736,-1.7233361130081049,-1.8471862010194298,-2.1211298921352713,-1.1931955274724917
000310,0.06250572355654997,-186.84569124109203,123.5615994973116,-18.593876193043823,23.43648671140315,4.989791330278101,11.609543945049449,4.329259306365857,7.040016399390711,3.4527554275610846,3.7179418323647857,1.8041613779915138,3.8866659637099366,0.06424498442662634,3.795109961009456,-3.90995117831584,0.06780331812194404,-4.5985653134071995,0.6123496444669453,-4.5766384202088926,1.5421768015263775
000311,0.07005275485077782,-377.3965700573751,101.84107703302861,25.778441774780465,15.923815037153393,6.977874136162237,13.834742764396566,12.337224036500793,16.62846263569212,1.8354782338605475,8.165902550404871,-2.1059026827564318,6.371519685577319,2.1845127243818205,5.384469878031434,-5.653075675546194,0.7722220312360556,-5.560279415043632,1.4128430843330677,5.389146612054078,-0.42016441796068454
000312,0.059478011629342395,-180.43251173423675,160.68171787641893,-6.370324014187849,14.124522409288263,-7.480698181830869,-1.654579374205125,-5.618962772583898,-1.3929925430503103,-0.894406238241067,1.52843577759045,2.521580597643181,1.4443424847226778,-3.1571200012704845,-1.9864931081667765,-3.5821940645112003,-1.1933914765204072,-2.164755539456741,-0.5574982201119064,-0.8460254552573375,-1.161035229017188
000313,0.05648563281505394,-249.88596844425766,128.92803932263132,13.586583007222554,20.365842591126246,19.0341878096999,5.773399475416689,-2.480394968022131,7.6127256622269375,-4.574756613644406,2.4220411474405505,-1.0960561664574238,1.2403418007730682,-1.310862183749454,-4.406985013344938,-3.294625797719113,-3.716161780184924,-2.6126590733405735,3.874239898994368,3.45320887416329,-1.2412535019193383
000314,0.0794920243543784,-175.24603876258806,116.56191971753809,35.769712447182464,-11.074564048775843,6.3385454517284785,6.596651022907581,3.8432121283503196,14.376607651533721,-4.8824472022387155,14.572045129069924,-7.3235655471670045,13.563060607276658,-4.384184218012253,14.07637819503361,-6.545385708460737,7.177123680447654,-3.509404187190633,3.6214023150135026,-3.8387528204134624,1.385712454178954
000315,0.0369918640010352,-259.77058400944316,136.75725615484262,-7.24489755130619,27.082828262144147,13.983645895260057,7.443235078549156,16.961483404493904,0.055687309152291045,11.293713347296935,12.246512923821424,0.797887656205512,10.004340112006721,-7.18714730205562,3.0559658701280905,-0.7435777139334276,5.550907885950253,-0.7331120870671511,3.81959325351838,3.010808274948278,5.118006326775584
000316,0.05022240189915299,-313.9015324467967,140.63398142521487,-4.476046734218267,44.45765518714607,16.366987194191427,16.45313632930899,-6.197855732993149,12.982701274495044,8.214781289511551,9.391748041490658,0.48573115227507985,4.158843378051008,-1.205494515700314,7.686545106382365,4.022721919836061,1.1094151001841865,0.946086489670276,4.310860795661081,-1.3613594363203618,-0.797897796089163
000317,0.062432353118778545,-141.59507120638668,150.93809756369419,-35.795148395886976,20.653752828936064,1.6831386677056484,3.8384426850596594,14.913420795300118,2.0826179155766757,8.067333747634896,2.907832503519594,0.5598717504998321,4.649474418502257,2.912501397153376,6.152971253190797,0.17001870096299918,2.937043133826429,-7.118498604786714,-1.7193993609713036,-4.204669251897524,0.12647700243763654
000318,0.10963462006395995,-215.9706536647214,87.21282730319477,-31.28195116359849,21.799233049474346,7.691050666397346,22.78599435305191,3.5758343487904534,14.421317616867261,1.4310779116097636,2.11033483544672,-5.33471713570458,-1.6873082534910275,-4.242148023955596,1.1702827601147077,-7.849028217821452,-2.180020595467691,-7.368058966190957,-6.901021066719851,-10.696948843987947,-3.1805682089197487
000319,0.028129421842630956,-306.8151854829917,178.66612369917138,36.017544525329704,18.462661047313034,17.869432953445514,13.466957174638349,2.0309441274269293,11.844666444339733,0.28084603111324125,3.3562515015561942,2.4654423057406927,0.6512928844580634,-2.0851666128670887,0.7519948872972144,1.0506125700283062,4.374527963172912,0.98459812511564,-0.9064551270592891,-2.6365506525381797,-0.02795655462711756
000320,0.03916273819714003,-267.09448836900384,142.02577159144363,40.32963143942154,7.4991917968348965,20.93157511893688,9.409124755512568,1.8923050035555435,12.186582024007393,-1.0098392070021813,5.503199391496271,0.14456314786932692,3.6267073173824325,-2.441179191302452,1.3286777209935388,-4.669060164386116,-0.8522915324914245,-5.9605439292549,-1.9415829693230087,-6.16111696572777,-2.212278415100856
000321,0.0468994658970276,-165.9078841611576,146.70849902336113,-21.61372559779959,40.65826723312783,7.28249917987781,8.416771770389614,4.463937363633998,5.258442628271392,3.5655365029430794,-0.4383373743766994,4.277125035750704,3.3220740601650744,-0.5015322707881454,0.4737087181494861,-0.1356098966935796,1.970843043124379,-1.846229862334164,-1.8480452331203276,-4.166649306280203,-4.852896790811137
000322,0.04966485732415742,-270.7983470662785,162.4791443955023,-12.69879783616552,25.19112523539807,18.107274164608484,11.970162398594969,12.864865369902807,5.97946627588146,3.7561123001707837,9.626583152739189,4.721709897489784,2.36042978427796,-4.552697549508978,4.8053231375748044,2.7336910848350335,2.1738925730423424,-3.5004491516589846,-0.6097432168005489,-4.0371601173836495,-0.6444636490464725
000323,0.06018120160668852,-223.8201537610757,182.1937328560272,-18.925559039832592,2.0098221221394477,-17.726521852856607,-6.280461952663731,-1.3231115552460495,10.744774763091828,4.455835794387704,11.339935408678935,9.86206686201973,3.8582568786442986,-4.918972363363301,-2.484560322937666,-6.5313106765041224,-4.027294341865579,-3.1621909602571265,-0.8138296518817422,1.6956474436569475,1.6303636284002343
000324,0.07076462621721943,-196.76778038811136,134.48024960838714,-15.508969396646618,34.371768075643516,9.7484912641177,10.276589590512042,-0.061462514134567485,2.1875313807565506,-6.56442980272991,2.237984207972581,1.3304633590471355,-0.3298022957839228,-1.90723327746048,-0.6747110493666206,-4.6240859279866315,0.4705329695144481,-2.691014816182596,2.2674115321070527,-2.319964068169276,-4.3723118032325194
000325,0.05142970156594843,-303.06657672943487,143.98648150892208,-9.730358397900375,24.42217219337284,1.0054974292526233,10.245719244663574,0.5744844189376785,7.978594745733424,0.7136065089012847,4.778332831875196,0.6272749836429685,4.633835307499656,1.8435402833900105,2.3969633385628346,0.540671366513158,0.4422719295731073,-2.1451946406018383,0.5244544108378955,-2.4230938527124075,-0.9031767315793537
000326,0.07880665783314977,-150.00712984156124,115.16698041704056,-32.60182017656876,7.205052433976835,-0.024309873857180614,1.696439168602421,-5.359853441682758,6.320502410208043,-4.814019063363852,3.306354844028024,-0.26530841104154373,3.495136573255573,-1.264930477750463,1.7825799074194326,-4.0241317561063354,1.8767315831125244,-2.6077939968142467,1.513370005557252,-2.202757262403549,1.7421424068946734
000327,0.0368013177306867,-245.30970988101328,158.55408291763956,4.863041848183561,36.708912261564976,16.24518910414619,18.66207701362901,5.667712550504848,6.327084313191011,4.759796770572246,5.770158762375825,-1.194795342712327,2.7588056076308143,1.1446475542812125,-1.240021915411292,-0.5442749619925437,2.2843570066801178,-2.979789602541571,-2.1704065911494124,-2.983536261553924,-3.225706073753705
000328,0.04163449754901961,-251.66704802335317,117.41883569286182,22.444172830478074,43.512267962538395,17.101556579590646,16.464883941164224,6.26859873419059,1.4100468006295772,3.924422951903154,5.136633561093994,-7.480516870611524,7.387178472187754,-9.069231346390271,0.07753398405162942,-5.440212070062731,1.2762250348224184,-4.746831217366626,-1.8088705732130077,-5.374434683016196,1.7391167694094796
000330,0.056354171691428694,-193.67992421346455,174.12129402341589,-12.130490555192427,28.037208356885852,8.029498692268287,1.7646536315649475,-3.921535161514901,8.206347622302806,5.570496803086447,-4.964051648640686,-5.45648147423428,-5.152807201756411,4.346353559963254,-8.549907080727754,-7.497108881029516,3.4089371560170574,-3.8250870314437972,-5.006186920727181,-5.926618835441843,-1.820028189091957
000331,0.030372563457530317,-236.03481070456127,172.4272762742416,32.07017641807241,12.110153350518853,1.34820548590369,5.034853964215654,9.860070973521069,14.766257196547691,14.493629500489277,12.62329300599922,6.526002433836878,1.4932586351882033,-1.4187792681206528,-1.3144271597270767,0.3657794996748181,1.9795004636865485,1.3783118169408315,0.09666044826139115,-1.1507748275065008,-1.1889706933335464
000332,0.07441855169470353,-241.5058614059106,137.05074489033768,4.645469908459555,12.417607145920144,-10.005237346012244,-0.6483590439706498,-7.432269167857975,-2.454660273265904,-8.828942302580455,1.907877421023129,-5.6366890660005184,-4.326377456145186,4.516944746751137,-4.637521687830434,-6.507297389699204,3.449781283207794,-9.981807976551076,-1.4958998605231835,1.3829072255754487,-3.061431733931618
000333,0.08433556189903846,-315.8529039054611,101.24194109047387,-6.055965437408353,23.219188806332664,-1.8673120233284448,4.860910828509219,-7.5983686189868616,3.7013811242820234,-4.478855463061112,4.223502479401804,-0.8659980202124741,2.8987264868852347,1.2705864498746091,-0.45828190987047995,-0.8261765307715703,1.9534232153128148,-4.799931317917222,1.3434246213035412,2.6361424089667733,-1.4026143575116028
000334,0.0933618293782154,-191.84053577063958,152.29032676633503,-53.35712564039569,40.6461045126734,0.3523388715298397,8.251578284071561,-4.583726926435822,13.767702670622263,-4.6545006122390555,-3.1683864687707635,-2.1058133110715436,1.7262822248670406,-7.262797497187816,-3.3236554971313494,-6.684157369372173,-1.179963219304841,-5.299463574562979,-0.19384296717137622,-5.484153364481076,-3.074628604406166
000335,0.038169800765871065,-286.3667035934151,117.0210275550286,18.455772024420536,34.008711228973446,20.014991288581363,18.024624209099507,5.143718590164846,7.2375991828454636,-3.1063440669010394,-0.13892867148522378,3.7322675480067975,14.111641164936144,1.979270927087204,-3.1355550695818124,-8.526869407436156,-2.224283942997176,-5.880635776743337,6.468987066185468,-4.573084866299025,-9.490519285495614
000336,0.0314634950107722,-235.6335326225009,164.65449181241243,38.244012678315066,26.732250123967514,28.434953445133118,11.193669099038392,-6.399660514437971,9.696163999791567,-2.2691395194360164,0.7724344869122914,0.5946257269570991,3.544318499024373,-4.824625928826194,2.299426086180586,-1.4313463551969994,1.3206376827494393,-3.2945600493098866,-0.4423189589169761,-2.9848746363225565,-1.0311306182531068
000337,0.0827344936345068,-170.82591511928007,118.70365172267313,9.118858765015627,25.570283516486118,9.096085310842819,-4.04598391848562,0.7552349165273763,5.349168263044672,2.796233237985669,5.204184752127445,2.2157750178662536,4.509750229703406,-1.4223382158709328,1.2744511522183277,-4.880457340410837,-0.19940059794864184,-4.907266105063939,-0.9973158500329165,-4.746059613445994,0.964032630759169
000338,0.05666726315746541,-319.83405024857757,142.1494027473394,5.165922171123234,24.448735738223252,3.64942710307604,5.291114025541325,-5.879604818457746,4.531691523125859,0.11521597356564758,-1.996766373408341,-5.723681564414479,0.39343786755584903,2.083007341136333,5.000883526083756,4.498092158193165,7.227249295099699,1.7430418216938017,3.758760273302787,-0.3512056126925752,-0.710130765794971
000339,0.0711912224168584,-281.27209266463404,108.15638330421429,-19.10019206116516,38.34482141133332,4.959986257180082,8.922513532869479,-14.480574029087268,7.706251521539693,-8.244209071700052,-0.45356416297788327,-0.562165967510629,0.3949688679410444,-7.812753349662632,2.294027351393477,-1.7504602202347594,-4.3442222009383356,-5.163439425128778,-2.2316998899352734,-5.126126524871501,-3.5487618515617556
000340,0.03638164813701923,-358.4337129719644,159.06761505572337,11.452548115382864,21.37853385049103,19.80614459926534,3.3095406563070977,8.271921738040815,12.955189954806505,-2.044109829354367,-3.801173937998127,0.8024933251855443,3.854360298712109,-3.484058524399605,-1.046731265032312,-0.4117073511600702,1.4228476796679506,-2.8473914090361556,0.1354032303785468,-3.4534906498895075,-4.343514294075579
000341,0.04300556857519879,-280.7307075305325,150.11740697593007,-2.5136896451973616,18.538017770225334,-6.296389570316667,7.723252371904524,1.5527387049320278,7.882346202284941,-3.5779100224875493,-3.5491309497469046,-3.8929358998548853,0.4821070469269366,1.2098693420407416,8.16907208640654,0.8364988845742665,-0.00952392986904306,-3.0387409053308803,-3.698324838129341,-3.193260704384219,-1.9935553588210515
000342,0.054689139215274865,-166.00147249925118,82.48404619218947,24.02761710945109,30.725409129019862,14.653323209609413,18.15674969079006,-0.14791454526493764,14.195006027253172,2.2977950645621075,9.390740330359751,1.3803918621203943,3.675706547082244,-2.2130804238955832,4.098049177651072,-2.9907056074784006,1.9981854220070994,-2.828875837268903,2.0658338976016464,-4.67723053706775,1.3723117571051442
000343,0.07908633578968115,-322.48014888479065,105.29093480658483,28.57041398761102,20.147558671385365,16.61226283106265,31.185460771653855,-8.814919774848173,4.17945841345882,-5.575447875223801,6.499444001256934,-5.453027054992629,4.363263907877656,-3.9957074866769324,1.6301477951702406,0.15720172389107456,-3.15276845024863,-9.259941690182725,4.669373211055491,-2.538257929514601,-7.933081006566373
000344,0.06105178108727218,-231.64605519554908,143.01860711581173,-6.943103865389156,26.03453268030592,7.873983499275494,10.038075801796916,-7.829826242794948,8.846763877869098,-6.316359599990454,2.3083486928967387,1.0700964496761847,1.9737508204032508,0.7021340953785291,4.814834829346754,-4.858384500483506,1.036454422039879,-3.5810519670817906,1.4359009302959103,-0.4184420948678934,1.3506031958068483
000345,0.027137432400447557,-220.68452670314588,186.1056898930768,-0.8957626663206072,20.9581475663806,13.052600795403666,10.271286748689898,12.691677518426562,8.66895554533272,3.184565783793911,0.9273583166930918,3.2609864052908777,2.2675806960168834,1.4578463399366153,2.07853440258453,2.9410904688251813,0.12918442912696282,-2.9012182669169833,-2.056969013643279,-1.0258751616926043,-2.2290870108977585
000346,0.029722471494932432,-343.43056869497576,136.56255278608162,42.56687232432911,31.928045755332963,24.655092615364566,19.86153590046331,10.334014955843077,5.2209110476094915,7.449816704303181,10.691295143997118,10.141194828398469,9.232373284626673,2.540975536743791,4.197065143824086,6.314461841177599,3.8026023934141966,1.672457612923126,-1.0569662019992299,-1.3371876242263259,1.4716994142382924
000347,0.03986521506699876,-178.27822643927743,140.85792343744745,-19.80852222473918,34.03759978976949,13.894060793296983,19.27334786139648,6.349206504100527,12.40519196066348,6.624521912448375,7.009571942221488,3.514912901542466,3.8579897988052134,2.9568679634242034,5.162215737025937,5.823758997977762,3.491097569079618,0.18944125155595437,2.032869426727242,3.8761859015691065,2.9804537196818126
000348,0.11241028037999157,-239.6867581840824,68.08457069802354,-16.3696053328881,50.654070941064056,14.22938125243821,19.446375255096093,12.539547790669637,16.637801652215046,5.0157376655286905,12.12127341305095,3.677397149377319,6.675459111910208,2.264531383327372,4.369969847888736,-0.22942488843129802,4.8643827438498315,-0.17815558725834585,3.2838793967639504,0.20808777558736347,2.7130440000578657
000349,0.08411741835147744,-315.93978138603876,125.88950145201197,-25.131743443386874,39.96334873748956,11.71819913066338,18.42743313355877,-8.981122981215925,1.8694642447164653,6.5769950053664425,10.62567242893147,3.627211860709313,0.5956432885192132,-1.5928942097302177,4.4455960876537555,-2.6359596259802043,-0.6094750880967972,-2.3641212712703723,1.9332339897623059,-6.261911474822363,-3.775917781359194
000350,0.05207889407374513,-150.15737991276066,166.76033454640785,-18.633500297645018,27.266673991835628,4.050480490506612,-0.23118338732375374,2.904631326024531,5.901566678843029,0.19296754799539756,-7.247302389981206,6.983921191055699,3.7208102541525716,-2.987495658449749,2.2918737887109706,-2.145225117490992,0.645541902286277,-0.8781061311442159,0.0033537249144841392,-1.967362030046929,-1.2175452638219508
000351,0.02346666673946976,-305.5299839953922,161.7024471468532,29.34222598199922,21.83216312792011,25.49776814300509,16.142548527764077,11.141657679326181,16.131124611155965,0.5174403485499771,4.275101974417879,0.7607215130605052,5.526585502436292,2.3480550994744234,-0.15509498193036633,-0.05987456222140454,-0.4625801070488089,-4.426463327826279,-1.9645730606570837,-2.104058558456589,-4.4085989834447155
000352,0.06056445285141476,-203.51208059370202,121.71548067008217,-28.085158035523136,31.868322379016924,-2.4770969099914897,14.82219816692639,2.1046504868128295,11.854804178601569,0.445785898534825,3.6294171962701847,-1.0283197523249532,3.462343690658234,-0.33711761220586023,3.45070315229333,-0.7012830878022022,1.3957686741888948,-3.821247128544025,-1.0978846116782202,-0.6828315203202457,0.851735509299287
000353,0.06516256491170064,-267.3173100691667,131.3427615830854,-5.167880669462574,20.090189886658244,-3.0004630781260464,8.412902072618525,0.18820664796842249,12.462132660859867,5.977316361815374,6.841478773179705,2.496995132130854,0.13077097093485313,-5.165425337217508,-2.1038999866626944,-3.327636914726471,5.819533742105252,4.175755615485821,4.706884114771833,-0.1871042094551942,-3.9720927366229093
000354,0.055029823526579355,-324.0537654551581,117.31347093664033,-10.899683939175434,24.470588655301196,13.406199106514487,19.79597058538222,5.432880409114585,4.5236726447130575,-3.5251960091383188,3.6248803829031213,1.6034704891695508,5.926685451383787,-1.7876909585855802,-0.26360045774209706,-3.826216620134986,0.7961164163198261,-3.7340174686154413,-1.3093692880032772,-6.843420640300499,-3.911929142029922
000355,0.07346644620170728,-334.48730877869923,175.6972917404761,-35.564526815829595,21.193855742043475,1.0197643894958917,2.3721342601635986,-5.671350186673008,-2.776918756649965,-7.973566056506957,-4.182079806954766,-4.189617719773525,-1.554824218644191,-5.3398195132881545,-7.872072850108885,-7.417490422299041,0.8039480540654835,-3.6113755079205494,-5.233617728883275,-3.0873976799485625,-1.7933088774419004
000356,0.04853145478743949,-211.02558782403568,124.62104184652704,-15.842638456290166,26.54052761058193,14.015619503329525,20.931063821357935,14.853820096474065,18.097121561209313,11.78159525765943,9.91681320909786,2.6450530275645394,4.027289169571841,3.4775455668998845,7.99135669223015,4.472253255203656,4.4737950255444705,3.622239404343357,1.854512430481657,2.878627496158107,0.9461607654469855
000357,0.11703887503632514,-177.59921144331142,104.69688318405896,-42.91155315414719,22.74429884505722,-0.8583415534657105,7.969816049737607,0.31684548785694855,16.33970265065369,1.8370611575754108,7.971267637780692,-4.0188351632310315,-2.86577331733074,-6.693963222461075,-5.835677049568536,-3.2466756276463102,3.605641953418286,-8.55681718706419,-4.1248499906158616,-8.163092888170944,-6.409885485871087
000358,0.05756001236704676,-186.2405418637968,137.94336796249226,-12.03936496935525,28.277114976393154,-7.679447486749943,14.68842793932791,1.6051080319654067,12.66827115735635,-0.45847602353148104,4.562652186455185,-1.6123679484606237,5.525572481170942,-2.0187060323542427,3.445199151094197,-2.356525517023764,1.1240350428202002,-2.780215624210232,2.1319888079319775,-3.5243491539732474,1.4805294196450751
000359,0.0384646162755667,-274.5433875887613,162.26916218646693,0.30654270119920585,18.263173823837594,21.686104703006404,1.6253983717441065,5.483391440293462,5.191083068007032,0.5607511548498089,3.4467741344518354,2.3328620037866084,0.1644525676127989,3.32074987712847,1.6819084400531408,-2.9393874291812625,-1.7951436098767457,-2.027987917214684,-2.551435738571389,0.6038483881454227,4.232585124657068
000360,0.06788658479277462,-130.49841684258294,117.92374242272102,29.619033310263543,17.055753418825947,-1.2952361341008756,5.5244241085414165,-10.315900368953745,-0.7551577724000642,-9.399434877420637,-1.2090151576757504,-4.1730634825578115,-1.1791906921215631,-4.907692047765096,0.5403352551085783,-3.724984174615491,-1.2279867035813725,-7.976243543213303,-0.6622829967295668,-3.9236620158050433,2.386895717801143
000361,0.05073036032383282,-257.10770513043,144.14743905582128,-12.477730198358795,32.18923511178645,-2.0544893402276077,2.95370573158241,-4.873115478746827,1.3145918673917825,-5.673221168533408,-4.019275238287906,-4.882987537192694,-4.061949129318161,-5.794731432752324,-1.784251755400534,-3.904688137538107,-1.371662197707246,-2.791224947601504,-0.12778939473250994,-2.5529498856567283,-2.5145982685634936
000362,0.1213530078346904,-198.57606605949317,55.50326053220633,5.084986241604713,31.534166950049652,1.8742030403829049,13.755937727522861,-5.801815665835699,6.188770910145435,-1.7367757550778313,6.875553018850089,-1.858745755643756,2.5042160735751926,-5.389954353818895,1.0801887838253628,-3.1501157104808235,2.1803302355314416,-6.517642760351671,0.246432757090503,-3.601953290277968,-1.210376349713408
000363,0.05191423546440118,-334.09991041362395,118.12108926920007,18.723103710033165,30.126591616469955,8.159018007868012,14.333424133102136,-4.276979736416654,4.798135817759395,3.9137442563076985,5.766246129498459,1.7453724925505036,3.3231239871852085,-1.5313007983017364,3.2525088989315774,-0.25396124234461054,-0.6428182459081843,-3.141036181976019,-2.9580225074632915,-3.2778956675288713,-1.335726744890728
000364,0.0465148646230916,-241.29312524717173,158.90876905923724,6.3584562146817,25.538267499916504,-1.4659057999645835,5.96447018987037,-7.286322676961179,7.0045265465278,-1.0469522095041532,0.6376994266870105,-3.239047879778866,1.0063549245854362,-1.2259685277226817,2.6994677990114737,2.4235934074628744,4.072037989400464,2.276619965911974,4.3024282614228095,3.107387470675337,5.057835095869555
000365,0.10285005308960693,-142.5395120009002,147.13678244271244,-30.30448036328897,-2.2381136802988073,-7.0099134602493915,1.502310225864833,1.7082245625458143,-0.832686125995419,-3.6247203952239766,-1.812601311760794,-6.336757973209139,2.987063564630427,-4.034347661699412,-6.523394718983834,-7.68354135864557,-6.239055438959309,-8.063788322229337,-4.826090855298354,-10.875107229180164,0.27496888769808375
000366,0.03251956262046258,-280.4854901175754,131.45223630726323,15.3426022315359,36.23671376522979,13.036131729339754,22.324322211691992,1.628260481053014,10.156735865331587,-0.27976572351744255,1.5099263722820127,-0.3668722325418927,1.6721073601416276,0.36096874261332834,3.0610215936656386,-2.915560086673589,0.2581290443027111,-1.511974790722316,1.1926918886319917,-2.276087607644552,-2.359670742966093
000367,0.09654806208141482,-214.09266952023748,121.65017847905553,-54.69459821559953,33.85388890002408,2.215881219824183,17.032441299048116,9.19042840697128,8.177266284642133,2.567314376653054,8.265027838263924,5.605996863999014,7.276331242815513,0.015649188505597936,0.6109098282242708,-1.93724567251198,2.510502514953027,-0.7238621663564021,3.5477449135500936,-2.593043422988191,1.0523088475523186
000368,0.04170802680233761,-264.5244036267844,114.42803255593313,45.53184592265467,22.54618932314672,23.06935213796177,20.898898792364204,-1.288631424345404,15.631851683635992,1.123806276967013,5.3504937851420165,2.9288629533644746,9.924119811408952,-0.21916031545631365,5.915268725688607,-2.097526082581084,1.7712466102407851,-3.5193830526186396,2.0518639199839974,-4.88959101591512,0.849286796774589
000369,0.05391392464960581,-219.2917335064618,138.21669975581796,10.663611369324856,34.66770572370907,21.98289859006161,17.684280856531128,7.7006469531014385,12.629882122315518,7.950013229704619,4.464217362581071,4.41812231219315,1.7472065644593708,2.5325372635877987,3.358152092024939,-2.2246280820311677,-0.25469204679442603,-2.353667941078867,-2.255728392942307,-2.580930768888064,-2.7020051709019945
000370,0.03438659621594486,-237.80500894648475,149.3472449016523,-1.9484686232876942,38.21093469496975,4.410284707512726,18.836573808300347,6.825621230009405,7.119609831676941,12.039454124737155,9.507198095239398,3.1517620859234903,-0.08978218401461337,-4.7823309581667806,2.6777358078084212,0.5602528629668042,4.179760246363919,-2.291611562916147,1.3841525381631286,-2.2473062295758237,-3.130066545330135
000371,0.04743186261204029,-283.81062397661,123.76963695235138,31.08309543471613,22.057251464684693,26.781212057989023,8.505776866925485,1.8383365742855156,11.858113362300394,-6.503318614619402,3.8412223910163883,-0.21438085048439073,7.902213171469455,-3.9312383381753726,3.111453079096764,-5.0541641957911585,-0.08814971461547381,-5.292259750441214,0.8881425337381664,-6.598901257783956,-1.0365888043911449
000384,0.07797113367796965,-98.1954946613603,105.62965089991509,7.994016986761806,30.99279408345282,1.5437470161363818,6.83314095207706,-2.884780973957569,2.7418008337243176,-7.662195257320459,-0.07784074606548928,-6.684699504847349,0.6681109438477947,-6.254765441883446,0.27907481847243304,-7.419629218538038,-3.042731428290737,-7.7971540103110755,-1.2162316672671356,-5.6496414570176245,-2.8258493859833576
000385,0.09264109593424451,-104.9625715134203,91.60667703678445,-3.379281571407881,24.06160747045561,-0.5648194194215469,5.550841731289856,-0.9085219585321184,4.419097019299464,-5.300677401046577,0.2914698138764735,-7.2526170373195615,1.2244996049654613,-5.972028407305573,-1.4267246894037784,-8.51566150210085,-4.292479153891654,-9.977566319974427,-5.038543471278307,-6.73079579934788,0.8413847903136781
000386,0.0801177952688627,-112.95520780863804,110.9256404410062,-3.397503548115111,24.358803907561967,6.091961806423284,7.180266235724222,-6.409407833345544,6.621580798105895,-3.2027058149167504,-0.41486621640586463,-1.9528367847007568,-0.06631409995262112,-4.66722181254369,-0.352549450489574,-3.492318863376584,-1.6811433238203093,-6.390370355411592,-1.0177053711742352,-3.883649799226078,-0.5126875152384959
000387,0.09079286689864287,-156.75460030486107,99.15152916333956,7.559263468391922,24.492826889041588,3.538778798613064,10.19169389390959,-2.1876758857486207,2.02997499778644,-1.2968251163892566,-1.820354290356813,-3.7601247885193705,-0.6059279874781435,-2.9968840067704643,-0.08807116180416204,-2.5965337674855093,1.9726419990379451,-1.9496420272266097,0.7930730346273116,-2.479652897517531,-0.7573480635989495
000393,0.12144828142451101,153.85317984053543,71.44061293860393,-29.502074876019172,22.73706862368601,-1.184350290150259,10.185704389568365,-4.0450548534182085,9.218319308876541,1.286895756569684,7.171814049810614,-0.8061306016838777,6.071402932159149,-3.6857984822232095,1.2873639008144837,-2.9959644811061947,3.468084010032769,-3.6297245261694977,1.4246475100461262,-4.744002753927771,0.28159122339228354
000394,0.13773446625011918,171.65585696284617,54.94897275334941,-25.541922685045616,16.01725178055248,0.2825382887174649,7.455411639141683,-2.5103246157037447,9.633190614286432,2.0140630216798856,6.176867187131553,-1.920007597652884,4.977936990745164,-3.098385440699303,1.8024102126305177,-3.038623526431472,3.2724800732841186,-3.122276722008446,2.21961174861567,-3.939910988141844,0.6906617142759988
000395,0.11943604841261973,148.42110859253773,72.90307444349497,-31.71256779958053,22.042538015946235,-1.5556893197109398,11.101848934227542,-4.88155815596719,8.681792692242045,1.3766010479993889,7.8815732935162535,-0.19285004115662388,6.907133723619402,-3.6970380486892105,0.6192035654079122,-3.4051879242478487,3.8148889049725088,-3.880270903730569,0.8304039160475056,-4.654335263234628,1.1594269856852322
000396,0.09340950906301042,-162.39484583445488,141.70430825908377,-15.587296726289335,25.046523630405726,-6.327456536433711,12.32005229809295,-4.8336364925521655,3.6514320378966953,-2.9772989539176575,3.253696223930319,-3.9812397676471605,2.25986816739598,-1.0717939991763297,-1.284482895910179,-0.13141850355302043,0.30966741796870945,-1.150831214388916,3.0888992442939287,-4.3647530645566,-2.1510522046570713
000397,0.03780885464491108,-255.07513985121457,166.87811376659468,0.3915960131848898,25.62846134416511,5.362254139564648,11.42675228535423,6.699185833956045,1.1539087452520942,5.367571680896369,3.872086998254465,4.409804455796586,2.540533943728559,4.348451384463961,-0.3747287281874623,0.11754827791942915,2.6950078158085238,-1.2202015377530684,1.8998094065952993,0.5066460280348817,2.2656032698704234
000398,0.1397016997572979,-92.35384680011106,85.63500169008653,-40.69937299526851,17.4378225696981,-0.8722026402218688,3.0216036940932844,3.647297245366948,14.778487394650845,-1.580756978418555,3.035382363755233,-2.3939326209941796,-0.5853977099809122,-5.2375971357829965,-0.8135709818113044,-2.9341455648419688,4.3186645407730495,-2.766045620898503,-0.6274112842931562,-1.5880912338125952,0.04824087149271644
000399,0.09778950254873237,-60.55532109452528,86.28666140454638,6.476877453019626,32.14739595176842,-6.701596655586829,12.925724890741371,-2.8755459379560997,7.792070948395471,-5.33299331463249,6.064732638031176,-3.5825901171518337,6.750694282183727,-3.2599446012844715,2.703993643486241,-3.444573516568693,1.0528901518481373,-4.5745378012768745,1.0326982714386497,-3.346421455459805,1.3669266421137556
000400,0.08875635012376601,-251.36819010722897,153.43096349891223,1.4396160075364117,4.521707340048414,0.7046707938190357,-11.17956478890565,-8.328104627801231,-6.719019646979081,-2.4722428198931485,-2.2123586338993424,-6.1632253569012745,-3.16993630657603,-1.5428737933406287,-2.413057245490481,2.2895682498127643,2.724692927258954,-0.03061060575113518,1.5807462828776966,-1.4427916201639972,-4.3660106120345175
000401,0.07674084675093269,-159.8086724964954,144.4600276504333,1.1676358027998892,23.955359218109063,-4.143923602215824,4.0811024145983374,-4.601145546632674,0.4425135261642725,-1.3604139652231118,-0.516945766947819,-2.7969842618702945,0.9645889992310235,-3.8423080794540123,-1.62776178078773,-1.739149979977003,1.4317017156160965,-2.4105608045932794,-0.19946291744119965,-2.293156318200489,1.2805112625067925
000402,0.09335073118704458,-172.20914381170218,153.30900719792368,-59.61770942964458,-5.5983036410105305,0.529786819999348,2.5974810567792335,-11.93982271745938,-1.1055763156187328,-2.959105986243933,-3.161484702945771,-6.363046813509344,-2.529719699065493,-5.122316112008459,-0.7517013156318748,-6.356012140079854,-4.5576533292005985,-4.640815833037712,-1.0965314606028465,-0.853010991473191,1.9618515958303189
000403,0.08477668797958646,-121.21346484171178,121.9879892373195,1.8954258711416898,19.544482270291716,-0.8517957432852414,7.425005124377597,-7.130694616958369,-0.32616115844196947,-5.120327971526108,0.966374221068847,-1.149585704781889,3.7947246859769472,-4.069077179941505,2.1762955538565243,-1.9574159414489103,4.634784391761093,0.6477056253101424,3.366295904867265,-2.8970837423320748,1.6954793598025988
000404,0.07816587112786291,-166.1029471703821,136.14739956011644,-15.107270626404992,20.418605218927272,0.807421975680207,8.820863075558373,-0.45185603949375763,4.357195078094688,-1.7926365926002834,1.194797187857702,-4.070992331210169,-1.5295298263675638,-2.34491359074777,5.959591200003119,2.3708459087338927,4.625887838980713,-2.67750736880151,1.4887249458369878,-7.616262507997876,-2.974648294312125
